timestamp,patch_id,status,J_before,J_after,R,J_reduced
2026-03-25 09:38:36,653d7ea5-1fb,DEPLOYED,0.002,0.002,-0.002,NO
2026-03-25 09:39:38,9064f13c-e23,ROLLED BACK,,,,
2026-03-25 09:40:43,c0f9be03-c8d,ROLLED BACK,,,,
2026-03-25 09:41:46,9f818a4d-ca8,DEPLOYED,0.002,0.002,-0.002,NO
2026-03-25 09:42:48,2efb8ab6-ba9,ROLLED BACK,,,,
2026-03-25 09:43:50,d20ff219-59c,DEPLOYED,0.002,0.002,-0.002,NO
2026-03-25 09:44:52,6b88e7a7-0cd,DEPLOYED,0.002,0.002,-0.002,NO
2026-03-25 09:45:55,1df820f3-8de,DEPLOYED,0.002,0.002,-0.002,NO
2026-03-25 09:46:59,6785e05a-5fa,ROLLED BACK,,,,
2026-03-25 09:48:02,ce02e557-bd1,DEPLOYED,0.002,0.002,-0.002,NO
2026-03-25 09:49:04,42fd301e-c98,DEPLOYED,0.002,0.002,-0.002,NO
2026-03-25 09:50:06,86ad67c0-a7c,DEPLOYED,0.002,0.002,-0.002,NO
2026-03-25 09:51:09,d1de4627-a23,DEPLOYED,0.002,0.002,-0.002,NO
2026-03-25 09:52:11,41804872-3ac,DEPLOYED,0.002,0.002,-0.002,NO
2026-03-25 09:53:15,3dcd9845-4ac,DEPLOYED,0.002,0.002,-0.002,NO
2026-03-25 09:54:17,ec698c56-112,DEPLOYED,0.002,0.002,-0.002,NO
2026-03-25 09:55:20,849a5cd7-6cb,DEPLOYED,0.002,0.002,-0.002,NO
2026-03-25 09:56:22,c21b9303-1c1,DEPLOYED,0.002,0.002,-0.002,NO
2026-03-25 09:57:24,82a30b86-89e,DEPLOYED,0.002,0.002,-0.002,NO
2026-03-25 09:58:27,95a4d94d-347,DEPLOYED,0.002,0.002,-0.002,NO
2026-03-25 09:59:31,fed86133-ce8,ROLLED BACK,,,,
2026-03-25 10:00:34,92fdd0ea-55c,DEPLOYED,0.002,0.002,-0.002,NO
2026-03-25 10:01:36,15559130-f40,DEPLOYED,0.002,0.002,-0.002,NO
2026-03-25 10:02:38,7f1ef77e-846,DEPLOYED,0.002,0.002,-0.002,NO
2026-03-25 10:03:40,26fd7d06-423,DEPLOYED,0.002,0.002,-0.002,NO
2026-03-25 10:04:43,3545a050-7e3,DEPLOYED,0.002,0.002,-0.002,NO
2026-03-25 10:05:48,2e5f715c-ba6,ROLLED BACK,,,,
2026-03-25 10:06:49,ecdf3082-eaa,DEPLOYED,0.002,0.002,-0.002,NO
2026-03-25 10:07:52,426e5503-85c,DEPLOYED,0.002,0.002,-0.002,NO
2026-03-25 10:08:54,2f748f40-baf,DEPLOYED,0.002,0.002,-0.002,NO
2026-03-25 10:09:57,48222fff-ca8,DEPLOYED,0.002,0.002,-0.002,NO
2026-03-25 10:10:58,207e0aab-06c,DEPLOYED,0.002,0.002,-0.002,NO
2026-03-25 10:12:03,9c7b7948-488,DEPLOYED,0.002,0.002,-0.002,NO
2026-03-25 10:13:06,29d451e8-9ec,DEPLOYED,0.002,0.002,-0.002,NO
2026-03-25 10:14:08,96f9d639-de5,DEPLOYED,0.002,0.002,-0.002,NO
2026-03-25 10:15:10,8382b567-7d4,DEPLOYED,0.002,0.002,-0.002,NO
2026-03-25 10:16:13,577ec7d6-d55,DEPLOYED,0.002,0.002,-0.002,NO
2026-03-25 10:17:15,1d1541bd-cfc,ROLLED BACK,,,,
2026-03-25 10:18:20,c5f2f52b-d3e,ROLLED BACK,,,,
2026-03-25 10:19:22,ee9c01f7-71b,ROLLED BACK,,,,
2026-03-25 10:20:25,5f75079b-8b0,ROLLED BACK,,,,
2026-03-25 10:21:26,bb6a558f-f62,DEPLOYED,0.002,0.002,-0.002,NO
2026-03-25 10:22:29,413e77c0-9c9,DEPLOYED,0.002,0.002,-0.002,NO
2026-03-25 10:23:32,a4c76068-d47,DEPLOYED,0.002,0.002,-0.002,NO
2026-03-25 10:24:35,98985228-a08,DEPLOYED,0.002,0.002,-0.002,NO
2026-03-25 10:25:38,da30bec5-53a,DEPLOYED,0.002,0.002,-0.002,NO
2026-03-25 10:26:41,6d7c419a-6a2,DEPLOYED,0.002,0.002,-0.002,NO
2026-03-25 10:27:42,5f6ee428-5f5,DEPLOYED,0.002,0.002,-0.002,NO
2026-03-25 10:28:45,705c7732-54c,DEPLOYED,0.002,0.002,-0.002,NO
2026-03-25 10:29:47,3fec4fc4-d98,DEPLOYED,0.002,0.002,-0.002,NO
2026-03-25 10:30:52,63b3d881-629,ROLLED BACK,,,,
2026-03-25 10:31:53,ef0a49ec-324,DEPLOYED,0.002,0.002,-0.002,NO
2026-03-25 10:32:56,046b7e77-07d,DEPLOYED,0.002,0.002,-0.002,NO
2026-03-25 10:33:59,f28e1ddc-0ba,ROLLED BACK,,,,
2026-03-25 10:35:00,9c76d619-e4b,DEPLOYED,0.002,0.002,-0.002,NO
2026-03-25 10:36:03,8b57a5ac-27c,ROLLED BACK,,,,
2026-03-25 10:37:07,cc21bbb2-6d8,DEPLOYED,0.127,0.002,-0.002,YES
2026-03-25 10:38:10,0c1a58ce-8d6,ROLLED BACK,,,,
2026-03-25 10:39:12,74d2de5e-42d,ROLLED BACK,,,,
2026-03-25 10:40:15,6a1492af-d97,DEPLOYED,0.127,0.002,-0.002,YES
2026-03-25 10:41:16,6f10f39c-0f8,DEPLOYED,0.002,0.002,-0.002,NO
2026-03-25 10:42:18,06d62514-d8e,DEPLOYED,0.002,0.002,-0.002,NO
2026-03-25 10:43:21,21e1bcee-5a8,DEPLOYED,0.002,0.002,-0.002,NO
2026-03-25 10:44:23,4a39eeee-8be,DEPLOYED,0.002,0.002,-0.002,NO
2026-03-25 10:45:25,d4beaa03-652,DEPLOYED,0.002,0.002,-0.002,NO
2026-03-25 10:46:26,f0995fc9-0df,DEPLOYED,0.002,0.002,-0.002,NO
2026-03-25 10:47:28,3a96a51c-ce9,DEPLOYED,0.002,0.002,-0.002,NO
2026-03-25 10:48:30,1a6541f4-812,DEPLOYED,0.002,0.002,-0.002,NO
2026-03-25 10:49:34,d5c60717-6b3,ROLLED BACK,,,,
2026-03-25 10:50:35,65af8483-486,DEPLOYED,0.002,0.002,-0.002,NO
2026-03-25 10:51:37,18fb55e3-7d0,DEPLOYED,0.002,0.002,-0.002,NO
2026-03-25 10:52:38,724ed33c-ec9,DEPLOYED,0.002,0.002,-0.002,NO
2026-03-25 10:53:40,0495d3a8-1fc,DEPLOYED,0.002,0.002,-0.002,NO
2026-03-25 10:54:42,d484bf15-173,DEPLOYED,0.002,0.002,-0.002,NO
2026-03-25 10:55:46,3fb97130-8b9,ROLLED BACK,,,,
2026-03-25 10:56:47,6af22491-d85,DEPLOYED,0.002,0.002,-0.002,NO
2026-03-25 10:57:50,25b4281c-9c4,DEPLOYED,0.002,0.002,-0.002,NO
2026-03-25 10:58:53,d2dfc774-288,DEPLOYED,0.002,0.002,-0.002,NO
2026-03-25 10:59:54,ba1da279-535,DEPLOYED,0.002,0.002,-0.002,NO
2026-03-25 11:00:57,f1024317-f55,ROLLED BACK,,,,
2026-03-25 11:02:02,34ea69d0-450,ROLLED BACK,,,,
2026-03-25 11:03:04,d1ec5935-cc9,ROLLED BACK,,,,
2026-03-25 11:04:07,1fb846ae-7d2,DEPLOYED,0.127,0.002,-0.002,YES
2026-03-25 11:05:09,9bba6372-2ed,ROLLED BACK,,,,
2026-03-25 11:06:11,c7af1db7-7f5,DEPLOYED,0.002,0.002,-0.002,NO
2026-03-25 11:07:14,d7d2da19-751,DEPLOYED,0.002,0.002,-0.002,NO
2026-03-25 11:08:18,219926ca-954,ROLLED BACK,,,,
2026-03-25 11:09:20,404f4aee-191,DEPLOYED,0.002,0.002,-0.002,NO
2026-03-25 11:10:22,1288bb05-9be,DEPLOYED,0.002,0.002,-0.002,NO
2026-03-25 11:11:25,b0a0d55f-def,DEPLOYED,0.002,0.002,-0.002,NO
2026-03-25 11:12:26,1289a65b-8d0,DEPLOYED,0.002,0.002,-0.002,NO
2026-03-25 11:13:29,2d8633b6-e41,DEPLOYED,0.002,0.002,-0.002,NO
2026-03-25 11:14:34,262fc167-8fc,DEPLOYED,0.002,0.002,-0.002,NO
2026-03-25 11:15:35,bb60f413-5fe,DEPLOYED,0.002,0.002,-0.002,NO
2026-03-25 11:16:38,597d508e-354,ROLLED BACK,,,,
2026-03-25 11:17:41,27328b2e-ce7,DEPLOYED,0.127,0.002,-0.002,YES
2026-03-25 11:18:43,1e7660b4-ab9,ROLLED BACK,,,,
2026-03-25 11:19:45,df3fb1d7-c90,DEPLOYED,0.002,0.002,-0.002,NO
2026-03-25 11:20:49,a0391e1e-51f,ROLLED BACK,,,,
2026-03-25 11:21:51,11cd723b-dee,DEPLOYED,0.002,0.002,-0.002,NO
2026-03-25 11:22:54,d6a05631-27c,DEPLOYED,0.002,0.002,-0.002,NO
2026-03-25 11:23:55,4a1f83cb-8ee,DEPLOYED,0.002,0.002,-0.002,NO
2026-03-25 11:24:57,1d151742-315,DEPLOYED,0.002,0.002,-0.002,NO
2026-03-25 11:25:59,cea025b0-fa7,DEPLOYED,0.002,0.002,-0.002,NO
2026-03-25 11:27:04,dced1a73-21c,ROLLED BACK,,,,
2026-03-25 11:28:05,a0b2b54f-33c,DEPLOYED,0.002,0.002,-0.002,NO
2026-03-25 11:29:07,f3969aee-fbf,DEPLOYED,0.002,0.002,-0.002,NO
2026-03-25 11:30:09,a7960415-581,DEPLOYED,0.002,0.002,-0.002,NO
2026-03-25 11:31:11,e27206be-814,DEPLOYED,0.002,0.002,-0.002,NO
2026-03-25 11:32:14,335220a8-44c,DEPLOYED,0.002,0.002,-0.002,NO
2026-03-25 11:33:18,01a8133b-774,ROLLED BACK,,,,
2026-03-25 11:34:20,5d8ca87c-6ac,DEPLOYED,0.002,0.002,-0.002,NO
2026-03-25 11:35:22,49925ec8-41c,DEPLOYED,0.002,0.002,-0.002,NO
2026-03-25 11:36:25,ecdf6aae-f1f,DEPLOYED,0.002,0.002,-0.002,NO
2026-03-25 11:37:26,2d1eaa63-0d3,DEPLOYED,0.002,0.002,-0.002,NO
2026-03-25 11:38:29,01c05ab2-e06,DEPLOYED,0.002,0.002,-0.002,NO
2026-03-25 11:39:32,b4749e76-a08,DEPLOYED,0.002,0.002,-0.002,NO
2026-03-25 11:40:35,fdc7979e-165,DEPLOYED,0.002,0.002,-0.002,NO
2026-03-25 11:41:36,bf2e5aee-ece,DEPLOYED,0.002,0.002,-0.002,NO
2026-03-25 11:42:39,f3ee2e62-132,DEPLOYED,0.002,0.002,-0.002,NO
2026-03-25 11:43:41,204e0e6b-af0,DEPLOYED,0.002,0.002,-0.002,NO
2026-03-25 11:44:43,ba371248-9f0,DEPLOYED,0.002,0.002,-0.002,NO
2026-03-25 11:45:48,c93a7902-435,ROLLED BACK,,,,
2026-03-25 11:46:50,fdf00087-33b,ROLLED BACK,,,,
2026-03-25 11:47:52,184673a0-1a4,DEPLOYED,0.002,0.002,-0.002,NO
2026-03-25 11:48:55,3e9b41fc-ea2,DEPLOYED,0.002,0.002,-0.002,NO
2026-03-25 11:49:56,bbf18c8d-3ba,DEPLOYED,0.002,0.002,-0.002,NO
2026-03-25 11:50:59,e85405cc-488,ROLLED BACK,,,,
2026-03-25 11:52:03,17545952-c88,DEPLOYED,0.127,0.002,-0.002,YES
2026-03-25 11:53:05,7351d05b-4c4,DEPLOYED,0.002,0.002,-0.002,NO
2026-03-25 11:54:08,628abf93-ed4,DEPLOYED,0.002,0.002,-0.002,NO
2026-03-25 11:55:09,f8363f4f-96e,DEPLOYED,0.002,0.002,-0.002,NO
2026-03-25 11:56:12,4414e0b1-eee,DEPLOYED,0.002,0.002,-0.002,NO
2026-03-25 11:57:14,d54ee335-d7e,DEPLOYED,0.002,0.002,-0.002,NO
2026-03-25 11:58:18,c452fc0b-5bb,ROLLED BACK,,,,
2026-03-25 11:59:21,8910230b-991,DEPLOYED,0.002,0.002,-0.002,NO
2026-03-25 12:00:22,53b28890-2f3,DEPLOYED,0.002,0.002,-0.002,NO
2026-03-25 12:01:24,b118196d-085,DEPLOYED,0.002,0.002,-0.002,NO
2026-03-25 12:02:27,8dcf270f-c49,DEPLOYED,0.002,0.002,-0.002,NO
2026-03-25 12:03:28,366a73d7-e41,DEPLOYED,0.002,0.002,-0.002,NO
2026-03-25 12:04:32,933c75c7-3fb,DEPLOYED,0.002,0.002,-0.002,NO
2026-03-25 12:05:34,85e165e9-596,DEPLOYED,0.002,0.002,-0.002,NO
2026-03-25 12:06:36,5399bf18-147,DEPLOYED,0.002,0.002,-0.002,NO
2026-03-25 12:07:38,32aecc29-521,DEPLOYED,0.002,0.002,-0.002,NO
2026-03-25 12:08:40,6bacdd39-bbd,DEPLOYED,0.002,0.002,-0.002,NO
2026-03-25 12:09:42,dfdc455c-e1f,DEPLOYED,0.002,0.002,-0.002,NO
2026-03-25 12:10:45,8875b50e-175,DEPLOYED,0.002,0.002,-0.002,NO
2026-03-25 12:11:48,48dd9450-8af,DEPLOYED,0.002,0.002,-0.002,NO
2026-03-25 12:12:50,22b35e62-683,DEPLOYED,0.002,0.002,-0.002,NO
2026-03-25 12:13:51,275c2f0d-754,DEPLOYED,0.002,0.002,-0.002,NO
2026-03-25 12:14:54,0f778430-3a8,DEPLOYED,0.002,0.002,-0.002,NO
2026-03-25 12:15:55,2e923712-811,DEPLOYED,0.002,0.002,-0.002,NO
2026-03-25 12:17:00,ceb7b7dd-b00,ROLLED BACK,,,,
2026-03-25 12:18:02,bf6724ca-6ef,DEPLOYED,0.002,0.002,-0.002,NO
2026-03-25 12:19:04,03058f45-a88,DEPLOYED,0.002,0.002,-0.002,NO
2026-03-25 12:20:05,e740ff77-b6b,DEPLOYED,0.002,0.002,-0.002,NO
2026-03-25 12:21:07,fbc99927-ff8,DEPLOYED,0.127,0.127,-0.127,NO
2026-03-25 12:22:10,7f42eac6-064,DEPLOYED,0.127,0.002,-0.002,YES
2026-03-25 12:23:15,a85c4f3c-19a,ROLLED BACK,,,,
2026-03-25 12:24:16,2affd212-c81,DEPLOYED,0.002,0.002,-0.002,NO
2026-03-25 12:25:18,3c5b6616-6e5,DEPLOYED,0.002,0.002,-0.002,NO
2026-03-25 12:26:20,14274df3-5ef,DEPLOYED,0.127,0.127,-0.127,NO
2026-03-25 12:27:23,e1dbb362-6e7,DEPLOYED,0.127,0.002,-0.002,YES
2026-03-25 12:28:25,37bee0de-eac,ROLLED BACK,,,,
2026-03-25 12:29:30,d1961b58-59c,ROLLED BACK,,,,
2026-03-25 12:30:32,cfbac74e-07c,DEPLOYED,0.252,0.127,-0.127,YES
2026-03-25 12:31:34,da3b3d1e-ace,DEPLOYED,0.127,0.002,-0.002,YES
2026-03-25 12:32:36,2eb25d84-d40,DEPLOYED,0.002,0.002,-0.002,NO
2026-03-25 12:33:37,4e489c93-2a8,DEPLOYED,0.002,0.002,-0.002,NO
2026-03-25 12:34:39,ab1de154-fdf,DEPLOYED,0.002,0.002,-0.002,NO
2026-03-25 12:35:43,02b13f86-46b,DEPLOYED,0.002,0.002,-0.002,NO
2026-03-25 12:36:45,39227378-4fd,DEPLOYED,0.002,0.002,-0.002,NO
2026-03-25 12:37:47,9cb8f406-1bf,DEPLOYED,0.002,0.002,-0.002,NO
2026-03-25 12:38:49,08c18201-f10,DEPLOYED,0.002,0.002,-0.002,NO
2026-03-25 12:39:50,a8583e77-984,DEPLOYED,0.002,0.002,-0.002,NO
2026-03-25 12:40:52,c041980b-6dd,DEPLOYED,0.002,0.002,-0.002,NO
2026-03-25 12:41:55,5fb01888-5b7,DEPLOYED,0.002,0.002,-0.002,NO
2026-03-25 12:42:57,c6031160-7dc,DEPLOYED,0.002,0.002,-0.002,NO
2026-03-25 12:43:59,4b4ddcf4-665,DEPLOYED,0.002,0.002,-0.002,NO
2026-03-25 12:45:00,f5acd7b5-c31,DEPLOYED,0.002,0.002,-0.002,NO
2026-03-25 12:46:02,e043b50e-826,DEPLOYED,0.002,0.002,-0.002,NO
2026-03-25 12:47:03,87baa5c0-5ab,DEPLOYED,0.002,0.002,-0.002,NO
2026-03-25 12:48:07,89a979c4-42f,DEPLOYED,0.002,0.002,-0.002,NO
2026-03-25 12:49:09,30173b3b-18a,DEPLOYED,0.002,0.002,-0.002,NO
2026-03-25 12:50:10,91e16169-a9c,DEPLOYED,0.002,0.002,-0.002,NO
2026-03-25 12:51:13,b041851c-947,DEPLOYED,0.002,0.002,-0.002,NO
2026-03-25 12:52:14,8d012841-d35,DEPLOYED,0.002,0.002,-0.002,NO
2026-03-25 12:53:16,2f2f2d18-c96,DEPLOYED,0.002,0.002,-0.002,NO
2026-03-25 12:54:21,9f148511-955,DEPLOYED,0.002,0.002,-0.002,NO
2026-03-25 12:55:22,15f5963a-27e,DEPLOYED,0.002,0.002,-0.002,NO
2026-03-25 12:56:24,b4a47294-9c5,DEPLOYED,0.002,0.002,-0.002,NO
2026-03-25 12:57:26,b652bf61-016,DEPLOYED,0.002,0.002,-0.002,NO
2026-03-25 12:58:28,ff832408-6bd,DEPLOYED,0.002,0.002,-0.002,NO
2026-03-25 12:59:30,4261b7c7-8d2,DEPLOYED,0.002,0.002,-0.002,NO
2026-03-25 13:00:34,881b7c6b-378,ROLLED BACK,,,,
2026-03-25 13:01:36,53199968-7d7,ROLLED BACK,,,,
2026-03-25 13:02:39,95fcb208-1b6,ROLLED BACK,,,,
2026-03-25 13:03:42,d71b6c79-1e7,DEPLOYED,0.127,0.002,-0.002,YES
2026-03-25 13:04:44,a76cbf03-dcc,DEPLOYED,0.127,0.127,-0.127,NO
2026-03-25 13:05:47,85dffe91-d8d,DEPLOYED,0.127,0.002,-0.002,YES
2026-03-25 13:06:51,4aad8c78-17a,ROLLED BACK,,,,
2026-03-25 13:07:53,1348cb29-c35,ROLLED BACK,,,,
2026-03-25 13:08:55,ba3d1a23-c37,DEPLOYED,0.002,0.002,-0.002,NO
2026-03-25 13:09:58,3012f277-a39,DEPLOYED,0.002,0.002,-0.002,NO
2026-03-25 13:10:59,4044ff59-86f,DEPLOYED,0.002,0.002,-0.002,NO
2026-03-25 13:12:02,13966f36-b49,DEPLOYED,0.002,0.002,-0.002,NO
2026-03-25 13:13:05,085190f2-f9e,DEPLOYED,0.002,0.002,-0.002,NO
2026-03-25 13:14:08,157ee75a-c6f,DEPLOYED,0.002,0.002,-0.002,NO
2026-03-25 13:15:10,9edc7027-dbb,DEPLOYED,0.002,0.002,-0.002,NO
2026-03-25 13:16:12,2f583506-ee5,DEPLOYED,0.002,0.002,-0.002,NO
2026-03-25 13:17:14,5ba80223-24b,DEPLOYED,0.002,0.002,-0.002,NO
2026-03-25 13:18:17,e670d6f4-a9e,DEPLOYED,0.002,0.002,-0.002,NO
2026-03-25 13:19:20,f9d2d0d6-178,DEPLOYED,0.002,0.002,-0.002,NO
2026-03-25 13:20:23,b2f89acb-266,DEPLOYED,0.002,0.002,-0.002,NO
2026-03-25 13:21:24,a5b66598-82f,DEPLOYED,0.002,0.002,-0.002,NO
2026-03-25 13:22:27,4e03779a-b17,DEPLOYED,0.002,0.002,-0.002,NO
2026-03-25 13:23:30,6b0053aa-336,DEPLOYED,0.002,0.002,-0.002,NO
2026-03-25 13:24:31,bd011e80-f85,DEPLOYED,0.002,0.002,-0.002,NO
2026-03-25 13:25:36,d697fc0d-02c,ROLLED BACK,,,,
2026-03-25 13:26:39,30194d86-f0d,DEPLOYED,0.002,0.002,-0.002,NO
2026-03-25 13:27:40,279147d1-534,DEPLOYED,0.002,0.002,-0.002,NO
2026-03-25 13:28:43,3e34853b-f11,DEPLOYED,0.002,0.002,-0.002,NO
2026-03-25 13:29:45,3ec03d25-9bd,ROLLED BACK,,,,
2026-03-25 13:30:47,c6650c07-3f7,DEPLOYED,0.002,0.002,-0.002,NO
2026-03-25 13:31:51,8e03e59a-b37,ROLLED BACK,,,,
2026-03-25 13:32:54,dae7e34f-456,DEPLOYED,0.002,0.002,-0.002,NO
2026-03-25 13:33:55,01044881-70f,DEPLOYED,0.002,0.002,-0.002,NO
2026-03-25 13:34:58,21af90dc-3c0,DEPLOYED,0.002,0.002,-0.002,NO
2026-03-25 13:36:00,bdaa6054-008,DEPLOYED,0.002,0.002,-0.002,NO
2026-03-25 13:37:03,043ddf66-fcf,DEPLOYED,0.002,0.002,-0.002,NO
2026-03-25 13:38:07,087e7379-025,DEPLOYED,0.002,0.002,-0.002,NO
2026-03-25 13:39:09,d1721d1c-9da,DEPLOYED,0.002,0.002,-0.002,NO
2026-03-25 13:40:12,c9a3f83d-a18,DEPLOYED,0.002,0.002,-0.002,NO
2026-03-25 13:41:15,1191e722-932,DEPLOYED,0.002,0.002,-0.002,NO
2026-03-25 13:42:17,f8b73e18-273,DEPLOYED,0.002,0.002,-0.002,NO
2026-03-25 13:43:19,cada0e81-951,DEPLOYED,0.002,0.002,-0.002,NO
2026-03-25 13:44:23,5dd8f364-9d6,ROLLED BACK,,,,
2026-03-25 13:45:26,22179f5f-9b2,DEPLOYED,0.002,0.002,-0.002,NO
2026-03-25 13:46:29,b1da1465-774,DEPLOYED,0.002,0.002,-0.002,NO
2026-03-25 13:47:31,c7d32898-76b,DEPLOYED,0.002,0.002,-0.002,NO
2026-03-25 13:48:33,4b02e52a-f06,DEPLOYED,0.002,0.002,-0.002,NO
2026-03-25 13:49:35,3090e52a-c6e,DEPLOYED,0.002,0.002,-0.002,NO
2026-03-25 13:50:40,f3697921-64a,ROLLED BACK,,,,
2026-03-25 13:51:43,50e04ab3-92d,DEPLOYED,0.002,0.002,-0.002,NO
2026-03-25 13:52:45,11a16989-c04,ROLLED BACK,,,,
2026-03-25 13:53:47,74311dd8-cc0,ROLLED BACK,,,,
2026-03-25 13:54:50,9effcc64-73f,DEPLOYED,0.127,0.002,-0.002,YES
2026-03-25 13:55:52,9ee85b20-098,ROLLED BACK,,,,
2026-03-25 13:56:56,e9f2c45c-a37,DEPLOYED,0.127,0.002,-0.002,YES
2026-03-25 13:57:59,c6b5ae57-128,DEPLOYED,0.002,0.002,-0.002,NO
2026-03-25 13:59:01,14f88846-76e,ROLLED BACK,,,,
2026-03-25 14:00:04,1951159d-936,DEPLOYED,0.002,0.002,-0.002,NO
2026-03-25 14:01:06,50a58915-82e,ROLLED BACK,,,,
2026-03-25 14:02:09,3a67cbe8-23f,ROLLED BACK,,,,
2026-03-25 14:03:14,11bbc1b8-e50,ROLLED BACK,,,,
2026-03-25 14:04:16,dadf451b-fcc,ROLLED BACK,,,,
2026-03-25 14:05:19,de29121b-525,ROLLED BACK,,,,
2026-03-25 14:06:21,f62af326-8d3,ROLLED BACK,,,,
2026-03-25 14:07:23,611b0968-b10,DEPLOYED,0.127,0.002,-0.002,YES
2026-03-25 14:08:26,85207fcc-e64,DEPLOYED,0.002,0.002,-0.002,NO
2026-03-25 14:09:30,0aad0e98-91c,ROLLED BACK,,,,
2026-03-25 14:10:33,68b0f7b9-ae3,ROLLED BACK,,,,
2026-03-25 14:11:35,db552202-ac4,ROLLED BACK,,,,
2026-03-25 14:12:38,413f961a-4db,DEPLOYED,0.002,0.002,-0.002,NO
2026-03-25 14:13:41,515bc327-0a8,ROLLED BACK,,,,
2026-03-25 14:14:43,ed5fe522-537,ROLLED BACK,,,,
2026-03-25 14:15:48,686958b4-69a,ROLLED BACK,,,,
2026-03-25 14:16:50,934ba2d8-b8f,ROLLED BACK,,,,
2026-03-25 14:17:53,5153571d-eff,DEPLOYED,0.127,0.002,-0.002,YES
2026-03-25 14:18:55,97fb4c59-c0d,ROLLED BACK,,,,
2026-03-25 14:19:57,e143442a-713,DEPLOYED,0.127,0.002,-0.002,YES
2026-03-25 14:21:00,9cf924d9-55e,DEPLOYED,0.002,0.002,-0.002,NO
2026-03-25 14:22:04,7bb5f4d6-f65,ROLLED BACK,,,,
2026-03-25 14:23:07,2119afa7-01a,ROLLED BACK,,,,
2026-03-25 14:24:09,0e89eb44-c64,ROLLED BACK,,,,
2026-03-25 14:25:12,48a9fd69-904,DEPLOYED,0.002,0.002,-0.002,NO
2026-03-25 14:26:15,068f67d5-80e,DEPLOYED,0.002,0.002,-0.002,NO
2026-03-25 14:27:17,a9c41724-8c3,DEPLOYED,0.002,0.002,-0.002,NO
2026-03-25 14:28:22,6021e978-f0a,ROLLED BACK,,,,
2026-03-25 14:29:24,ead523ce-5d6,DEPLOYED,0.002,0.002,-0.002,NO
2026-03-25 14:30:27,c0d122eb-e46,ROLLED BACK,,,,
2026-03-25 14:31:30,68329757-7f4,DEPLOYED,0.002,0.002,-0.002,NO
2026-03-25 14:32:32,24b09dad-d12,ROLLED BACK,,,,
2026-03-25 14:33:35,f4d29242-8dd,DEPLOYED,0.002,0.002,-0.002,NO
2026-03-25 14:34:39,0ddae63c-cae,ROLLED BACK,,,,
2026-03-25 14:35:42,861ec344-085,ROLLED BACK,,,,
2026-03-25 14:36:45,3f9a31b8-59f,ROLLED BACK,,,,
2026-03-25 14:37:47,1f643e3a-28f,DEPLOYED,0.002,0.002,-0.002,NO
2026-03-25 14:38:50,76606a2e-f0b,ROLLED BACK,,,,
2026-03-25 14:39:52,d957f866-649,DEPLOYED,0.002,0.002,-0.002,NO
2026-03-25 14:40:57,d77700c3-0f9,ROLLED BACK,,,,
2026-03-25 14:42:00,8e4138d0-8a7,DEPLOYED,0.002,0.002,-0.002,NO
2026-03-25 14:43:02,e8af2f7a-dd5,ROLLED BACK,,,,
2026-03-25 14:44:05,8eb3154d-045,DEPLOYED,0.002,0.002,-0.002,NO
2026-03-25 14:45:07,8aadbaae-18b,DEPLOYED,0.002,0.002,-0.002,NO
2026-03-25 14:46:10,fe87122f-193,DEPLOYED,0.002,0.002,-0.002,NO
2026-03-25 14:47:15,8e3723e2-1bf,ROLLED BACK,,,,
2026-03-25 14:48:17,5cf8836a-c9e,DEPLOYED,0.002,0.002,-0.002,NO
2026-03-25 14:49:20,34cb7256-0d3,ROLLED BACK,,,,
2026-03-25 14:50:22,65abf17e-604,DEPLOYED,0.002,0.002,-0.002,NO
2026-03-25 14:51:25,1dc2d1a4-83c,ROLLED BACK,,,,
2026-03-25 14:52:27,d1e236ea-961,ROLLED BACK,,,,
2026-03-25 14:53:32,19e9c0a3-d88,DEPLOYED,0.002,0.002,-0.002,NO
2026-03-25 14:54:35,e928a575-021,DEPLOYED,0.002,0.002,-0.002,NO
2026-03-25 14:55:37,fb671e15-0bb,DEPLOYED,0.002,0.002,-0.002,NO
2026-03-25 14:56:39,62fe8a0f-b53,DEPLOYED,0.002,0.002,-0.002,NO
2026-03-25 14:57:42,1eb0f1ff-032,DEPLOYED,0.002,0.002,-0.002,NO
2026-03-25 14:58:45,dd98185c-386,DEPLOYED,0.002,0.002,-0.002,NO
2026-03-25 14:59:49,8a13ec27-b7f,ROLLED BACK,,,,
2026-03-25 15:00:52,e7613e13-4a7,DEPLOYED,0.002,0.002,-0.002,NO
2026-03-25 15:01:54,8a957169-cc6,ROLLED BACK,,,,
2026-03-25 15:02:57,d37c80e7-56c,ROLLED BACK,,,,
2026-03-25 15:04:00,f5e404cf-d7d,DEPLOYED,0.127,0.002,-0.002,YES
2026-03-25 15:05:02,05c9c46d-5dd,ROLLED BACK,,,,
2026-03-25 15:06:06,55e964bc-2bc,DEPLOYED,0.127,0.127,-0.127,NO
2026-03-25 15:07:08,37626c37-ff6,DEPLOYED,0.127,0.127,-0.127,NO
2026-03-25 15:08:11,e28cbebd-636,DEPLOYED,0.127,0.127,-0.127,NO
2026-03-25 15:09:13,74fbd3f2-292,ROLLED BACK,,,,
2026-03-25 15:10:16,072dd101-1cd,DEPLOYED,0.127,0.002,-0.002,YES
2026-03-25 15:11:19,d6e6cf6f-a06,ROLLED BACK,,,,
2026-03-25 15:12:23,b2608296-56f,DEPLOYED,0.127,0.002,-0.002,YES
2026-03-25 15:13:25,0bf3a21d-9e1,DEPLOYED,0.002,0.002,-0.002,NO
2026-03-25 15:14:28,6f92e039-803,DEPLOYED,0.002,0.002,-0.002,NO
2026-03-25 15:15:29,4315c730-5b3,DEPLOYED,0.002,0.002,-0.002,NO
2026-03-25 15:16:32,60c97a30-683,DEPLOYED,0.002,0.002,-0.002,NO
2026-03-25 15:17:35,60f32143-982,ROLLED BACK,,,,
2026-03-25 15:18:39,7c33473e-218,ROLLED BACK,,,,
2026-03-25 15:19:42,66f53dde-530,DEPLOYED,0.002,0.002,-0.002,NO
2026-03-25 15:20:44,2270e84e-382,DEPLOYED,0.002,0.002,-0.002,NO
2026-03-25 15:21:47,3f7592b2-c05,DEPLOYED,0.002,0.002,-0.002,NO
2026-03-25 15:22:50,6c4901f3-507,DEPLOYED,0.002,0.002,-0.002,NO
2026-03-25 15:23:52,12e87545-5ae,DEPLOYED,0.002,0.002,-0.002,NO
2026-03-25 15:24:57,6328079f-d4a,ROLLED BACK,,,,
2026-03-25 15:25:59,03fffad3-ebf,DEPLOYED,0.002,0.002,-0.002,NO
2026-03-25 15:27:02,82f5cac4-3b5,DEPLOYED,0.002,0.002,-0.002,NO
2026-03-25 15:28:05,ce1a4f00-754,DEPLOYED,0.002,0.002,-0.002,NO
2026-03-25 15:29:07,9e2ffe89-916,DEPLOYED,0.002,0.002,-0.002,NO
2026-03-25 15:30:10,d8920d2c-d89,DEPLOYED,0.002,0.002,-0.002,NO
2026-03-25 15:31:14,3e61d781-43e,ROLLED BACK,,,,
2026-03-25 15:32:17,b4a39295-58a,DEPLOYED,0.002,0.002,-0.002,NO
2026-03-25 15:33:20,e4292126-462,DEPLOYED,0.002,0.002,-0.002,NO
2026-03-25 15:34:22,6c78edd6-354,DEPLOYED,0.002,0.002,-0.002,NO
2026-03-25 15:35:25,9a4b57e0-133,DEPLOYED,0.002,0.002,-0.002,NO
2026-03-25 15:36:27,69d633f2-eaf,DEPLOYED,0.002,0.002,-0.002,NO
2026-03-25 15:37:32,6a51c336-9c4,ROLLED BACK,,,,
2026-03-25 15:38:34,b95b3074-ad1,DEPLOYED,0.002,0.002,-0.002,NO
2026-03-25 15:39:37,974f6519-36e,DEPLOYED,0.002,0.002,-0.002,NO
2026-03-25 15:40:39,b5ad0954-cf3,DEPLOYED,0.002,0.002,-0.002,NO
2026-03-25 15:41:42,24b768a9-daa,ROLLED BACK,,,,
2026-03-25 15:42:45,66f39ae6-d97,DEPLOYED,0.002,0.002,-0.002,NO
2026-03-25 15:43:49,978de096-e5c,ROLLED BACK,,,,
2026-03-25 15:44:52,e5ca6ee8-de2,ROLLED BACK,,,,
2026-03-25 15:45:54,873efb05-6e7,DEPLOYED,0.127,0.002,-0.002,YES
2026-03-25 15:46:57,60e4b647-847,DEPLOYED,0.002,0.002,-0.002,NO
2026-03-25 15:47:59,7720582e-df3,DEPLOYED,0.002,0.002,-0.002,NO
2026-03-25 15:49:01,dc9cd490-f2d,DEPLOYED,0.002,0.002,-0.002,NO
2026-03-25 15:50:05,d4b0c541-98c,ROLLED BACK,,,,
2026-03-25 15:51:08,97331ada-442,ROLLED BACK,,,,
2026-03-25 15:52:09,1f2acd5d-b41,DEPLOYED,0.002,0.002,-0.002,NO
2026-03-25 15:53:12,5b03742d-ccd,DEPLOYED,0.002,0.002,-0.002,NO
2026-03-25 15:54:14,1cf76279-efc,DEPLOYED,0.002,0.002,-0.002,NO
2026-03-25 15:55:16,c3d814f6-5eb,DEPLOYED,0.002,0.002,-0.002,NO
2026-03-25 15:56:21,f6b44b38-30b,ROLLED BACK,,,,
2026-03-25 15:57:23,36a8381c-d41,DEPLOYED,0.002,0.002,-0.002,NO
2026-03-25 15:58:25,d4c9a06b-a25,DEPLOYED,0.002,0.002,-0.002,NO
2026-03-25 15:59:27,41bee33a-bc1,DEPLOYED,0.002,0.002,-0.002,NO
2026-03-25 16:00:29,f312cb07-177,DEPLOYED,0.002,0.002,-0.002,NO
2026-03-25 16:01:32,bfe94cea-477,DEPLOYED,0.002,0.002,-0.002,NO
2026-03-25 16:02:36,89f25280-015,ROLLED BACK,,,,
2026-03-25 16:03:38,742850a8-1fc,ROLLED BACK,,,,
2026-03-25 16:04:41,6ce37897-6d3,DEPLOYED,0.127,0.127,-0.127,NO
2026-03-25 16:05:44,e252c557-ead,ROLLED BACK,,,,
2026-03-25 16:06:45,4e5c28c7-f35,DEPLOYED,0.127,0.002,-0.002,YES
2026-03-25 16:07:47,640ec46e-8aa,DEPLOYED,0.002,0.002,-0.002,NO
2026-03-25 16:08:50,08bd8d00-da8,DEPLOYED,0.002,0.002,-0.002,NO
2026-03-25 16:09:52,9fd184d8-14a,DEPLOYED,0.002,0.002,-0.002,NO
2026-03-25 16:10:53,224ee343-ce0,DEPLOYED,0.002,0.002,-0.002,NO
2026-03-25 16:11:55,a6edf5d3-d32,DEPLOYED,0.002,0.002,-0.002,NO
2026-03-25 16:12:56,3388131a-4d1,DEPLOYED,0.002,0.002,-0.002,NO
2026-03-25 16:13:58,7e8dbd1d-908,DEPLOYED,0.002,0.002,-0.002,NO
2026-03-25 16:15:01,1e68bd14-883,DEPLOYED,0.002,0.002,-0.002,NO
2026-03-25 16:16:03,cce56ffd-d82,DEPLOYED,0.002,0.002,-0.002,NO
2026-03-25 16:17:04,4953b582-e53,DEPLOYED,0.002,0.002,-0.002,NO
2026-03-25 16:18:07,59bdb175-102,DEPLOYED,0.002,0.002,-0.002,NO
2026-03-25 16:19:08,72b876dd-352,DEPLOYED,0.002,0.002,-0.002,NO
2026-03-25 16:20:10,841b476f-93a,DEPLOYED,0.002,0.002,-0.002,NO
2026-03-25 16:21:15,daa79eb5-1dd,DEPLOYED,0.002,0.002,-0.002,NO
2026-03-25 16:22:16,583f887a-ad8,DEPLOYED,0.002,0.002,-0.002,NO
2026-03-25 16:23:18,d18cc9b6-483,DEPLOYED,0.002,0.002,-0.002,NO
2026-03-25 16:24:21,30cee9fb-3d6,DEPLOYED,0.002,0.002,-0.002,NO
2026-03-25 16:25:22,fe36f623-e7a,DEPLOYED,0.002,0.002,-0.002,NO
2026-03-25 16:26:24,4374b621-669,DEPLOYED,0.002,0.002,-0.002,NO
2026-03-25 16:27:28,72e0cd7c-d93,ROLLED BACK,,,,
2026-03-25 16:28:31,2944d3bc-05e,DEPLOYED,0.002,0.002,-0.002,NO
2026-03-25 16:29:33,2db37092-a9d,ROLLED BACK,,,,
2026-03-25 16:30:35,ad3fe032-fe2,DEPLOYED,0.002,0.002,-0.002,NO
2026-03-25 16:31:36,9033df76-487,DEPLOYED,0.002,0.002,-0.002,NO
2026-03-25 16:32:39,41ea0a18-382,DEPLOYED,0.002,0.002,-0.002,NO
2026-03-25 16:33:44,470b751c-a25,ROLLED BACK,,,,
2026-03-25 16:34:46,6e60a398-1de,DEPLOYED,0.002,0.002,-0.002,NO
2026-03-25 16:35:48,0e044feb-8e1,DEPLOYED,0.002,0.002,-0.002,NO
2026-03-25 16:36:50,3190e540-90e,DEPLOYED,0.002,0.002,-0.002,NO
2026-03-25 16:37:52,a853e47f-446,DEPLOYED,0.002,0.002,-0.002,NO
2026-03-25 16:38:55,a2a3ef21-b48,DEPLOYED,0.002,0.002,-0.002,NO
2026-03-25 16:39:59,4031f7ef-fd5,ROLLED BACK,,,,
2026-03-25 16:41:00,96ff4234-da7,DEPLOYED,0.002,0.002,-0.002,NO
2026-03-25 16:42:02,08826086-0ca,DEPLOYED,0.002,0.002,-0.002,NO
2026-03-25 16:43:05,a39ec96b-354,DEPLOYED,0.002,0.002,-0.002,NO
2026-03-25 16:44:07,ccb1eb8a-035,DEPLOYED,0.002,0.002,-0.002,NO
2026-03-25 16:45:10,e6f74283-264,DEPLOYED,0.002,0.002,-0.002,NO
2026-03-25 16:46:13,e0da80de-93b,DEPLOYED,0.002,0.002,-0.002,NO
2026-03-25 16:47:15,d33a9165-5bc,DEPLOYED,0.002,0.002,-0.002,NO
2026-03-25 16:48:18,24c810ef-c72,DEPLOYED,0.002,0.002,-0.002,NO
2026-03-25 16:49:20,dac2789d-7c6,DEPLOYED,0.002,0.002,-0.002,NO
2026-03-25 16:50:23,24519588-882,DEPLOYED,0.002,0.002,-0.002,NO
2026-03-25 16:51:25,42b595e6-d03,ROLLED BACK,,,,
2026-03-25 16:52:29,e75fc6b4-7d7,ROLLED BACK,,,,
2026-03-25 16:53:32,8be4c4ba-6cc,ROLLED BACK,,,,
2026-03-25 16:54:34,6e0754e8-ff2,DEPLOYED,0.127,0.002,-0.002,YES
2026-03-25 16:55:35,f8b041a2-864,DEPLOYED,0.002,0.002,-0.002,NO
2026-03-25 16:56:36,13e0b05e-c24,DEPLOYED,0.002,0.002,-0.002,NO
2026-03-25 16:57:39,974bc0f0-c00,DEPLOYED,0.002,0.002,-0.002,NO
2026-03-25 16:58:44,0def93b6-b1b,ROLLED BACK,,,,
2026-03-25 16:59:45,a82bb5b3-cfa,DEPLOYED,0.002,0.002,-0.002,NO
2026-03-25 17:00:47,01eb77d6-31d,DEPLOYED,0.002,0.002,-0.002,NO
2026-03-25 17:01:49,64d82320-7c9,ROLLED BACK,,,,
2026-03-25 17:02:52,31b0120f-6da,ROLLED BACK,,,,
2026-03-25 17:03:55,ce9da9f4-bbe,DEPLOYED,0.252,0.002,-0.002,YES
2026-03-25 17:04:58,b6f516ec-d21,DEPLOYED,0.127,0.127,-0.127,NO
2026-03-25 17:06:01,0792d4a2-7bc,DEPLOYED,0.127,0.002,-0.002,YES
2026-03-25 17:07:03,d19ccae6-be0,ROLLED BACK,,,,
2026-03-25 17:08:05,7501d96c-d25,DEPLOYED,0.002,0.002,-0.002,NO
2026-03-25 17:09:06,ce1ec84a-744,DEPLOYED,0.002,0.002,-0.002,NO
2026-03-25 17:10:09,b12d58cb-83b,DEPLOYED,0.002,0.002,-0.002,NO
2026-03-25 17:11:13,a23dfb67-ca4,DEPLOYED,0.002,0.002,-0.002,NO
2026-03-25 17:12:14,915148b7-29a,DEPLOYED,0.002,0.002,-0.002,NO
2026-03-25 17:13:17,4c2af465-794,DEPLOYED,0.002,0.002,-0.002,NO
2026-03-25 17:14:19,cfb84be3-f58,DEPLOYED,0.002,0.002,-0.002,NO
2026-03-25 17:15:20,beb57d2a-6e5,DEPLOYED,0.002,0.002,-0.002,NO
2026-03-25 17:16:23,34735442-776,DEPLOYED,0.002,0.002,-0.002,NO
2026-03-25 17:17:27,a93cf822-611,ROLLED BACK,,,,
2026-03-25 17:18:30,2df16a93-5bd,ROLLED BACK,,,,
2026-03-25 17:19:31,c37d818a-771,DEPLOYED,0.002,0.002,-0.002,NO
2026-03-25 17:20:34,fc1f3791-367,DEPLOYED,0.002,0.002,-0.002,NO
2026-03-25 17:21:35,5adf0484-67d,DEPLOYED,0.002,0.002,-0.002,NO
2026-03-25 17:22:37,945c4f29-b45,DEPLOYED,0.002,0.002,-0.002,NO
2026-03-25 17:23:42,60d997f7-7d1,ROLLED BACK,,,,
2026-03-25 17:24:43,3ba2d71e-748,DEPLOYED,0.002,0.002,-0.002,NO
2026-03-25 17:25:45,74642158-078,DEPLOYED,0.002,0.002,-0.002,NO
2026-03-25 17:26:48,35310550-423,DEPLOYED,0.002,0.002,-0.002,NO
2026-03-25 17:27:49,71140103-603,DEPLOYED,0.002,0.002,-0.002,NO
2026-03-25 17:28:51,51efaa1d-38a,DEPLOYED,0.002,0.002,-0.002,NO
2026-03-25 17:29:55,c84b3ff4-0c7,ROLLED BACK,,,,
2026-03-25 17:30:57,1f3339a3-f5d,DEPLOYED,0.002,0.002,-0.002,NO
2026-03-25 17:31:59,e9714104-64c,DEPLOYED,0.002,0.002,-0.002,NO
2026-03-25 17:33:01,be4ba280-e48,DEPLOYED,0.002,0.002,-0.002,NO
2026-03-25 17:34:03,b2664072-510,DEPLOYED,0.002,0.002,-0.002,NO
2026-03-25 17:35:04,8248b8bf-6a3,DEPLOYED,0.002,0.002,-0.002,NO
2026-03-25 17:36:09,3d538239-c32,ROLLED BACK,,,,
2026-03-25 17:37:11,6759efe6-e07,DEPLOYED,0.002,0.002,-0.002,NO
2026-03-25 17:38:13,99a032b0-a1d,DEPLOYED,0.002,0.002,-0.002,NO
2026-03-25 17:39:15,a6899518-693,DEPLOYED,0.002,0.002,-0.002,NO
2026-03-25 17:40:16,a2fda25d-03d,DEPLOYED,0.002,0.002,-0.002,NO
2026-03-25 17:41:18,7511ff7e-cd5,DEPLOYED,0.002,0.002,-0.002,NO
2026-03-25 17:42:23,80293ec3-3ef,DEPLOYED,0.002,0.002,-0.002,NO
2026-03-25 17:43:24,f0e0566d-705,DEPLOYED,0.002,0.002,-0.002,NO
2026-03-25 17:44:26,e38e5882-6c1,DEPLOYED,0.002,0.002,-0.002,NO
2026-03-25 17:45:29,42a270b3-eae,DEPLOYED,0.002,0.002,-0.002,NO
2026-03-25 17:46:30,0b4a0d48-867,DEPLOYED,0.002,0.002,-0.002,NO
2026-03-25 17:47:32,a8d07e43-9ec,DEPLOYED,0.002,0.002,-0.002,NO
2026-03-25 17:48:37,b61faa91-d2c,DEPLOYED,0.002,0.002,-0.002,NO
2026-03-25 17:49:38,21924eba-8a9,DEPLOYED,0.002,0.002,-0.002,NO
2026-03-25 17:50:40,ccdff2f4-650,DEPLOYED,0.002,0.002,-0.002,NO
2026-03-25 17:51:42,f05ede62-218,DEPLOYED,0.002,0.002,-0.002,NO
2026-03-25 17:52:44,fbf91448-e2d,DEPLOYED,0.002,0.002,-0.002,NO
2026-03-25 17:53:45,15d9230b-06e,DEPLOYED,0.002,0.002,-0.002,NO
2026-03-25 17:54:50,8d5d7262-808,DEPLOYED,0.002,0.002,-0.002,NO
2026-03-25 17:55:52,4af30893-053,DEPLOYED,0.002,0.002,-0.002,NO
2026-03-25 17:56:53,fbeefc65-804,DEPLOYED,0.002,0.002,-0.002,NO
2026-03-25 17:57:56,b634a8e7-be8,DEPLOYED,0.002,0.002,-0.002,NO
2026-03-25 17:58:57,4c5efdf1-74a,DEPLOYED,0.002,0.002,-0.002,NO
2026-03-25 17:59:59,0c9d8fb4-e68,DEPLOYED,0.002,0.002,-0.002,NO
2026-03-25 18:01:04,af1d2825-4bd,ROLLED BACK,,,,
2026-03-25 18:02:05,d9202b5b-886,DEPLOYED,0.002,0.002,-0.002,NO
2026-03-25 18:03:07,59e40648-11d,DEPLOYED,0.002,0.002,-0.002,NO
2026-03-25 18:04:09,28c5f3b5-c1b,DEPLOYED,0.002,0.002,-0.002,NO
2026-03-25 18:05:11,867a5b22-cb3,DEPLOYED,0.002,0.002,-0.002,NO
2026-03-25 18:06:12,a9997de2-929,DEPLOYED,0.002,0.002,-0.002,NO
2026-03-25 18:07:17,0347ee6b-795,ROLLED BACK,,,,
2026-03-25 18:08:19,dd6b34b0-585,DEPLOYED,0.002,0.002,-0.002,NO
2026-03-25 18:09:20,c93026ba-961,DEPLOYED,0.002,0.002,-0.002,NO
2026-03-25 18:10:23,c869135e-d59,DEPLOYED,0.002,0.002,-0.002,NO
2026-03-25 18:11:25,1874af39-964,DEPLOYED,0.002,0.002,-0.002,NO
2026-03-25 18:12:27,9d7d6c70-f8d,DEPLOYED,0.002,0.002,-0.002,NO
2026-03-25 18:13:31,61f99c90-10c,ROLLED BACK,,,,
2026-03-25 18:14:34,76398f3e-1c8,DEPLOYED,0.002,0.002,-0.002,NO
2026-03-25 18:15:36,9f65a150-196,DEPLOYED,0.002,0.002,-0.002,NO
2026-03-25 18:16:39,8c30944b-98c,DEPLOYED,0.002,0.002,-0.002,NO
2026-03-25 18:17:40,cea05127-d88,DEPLOYED,0.002,0.002,-0.002,NO
2026-03-25 18:18:42,b6e0c12e-cdf,DEPLOYED,0.002,0.002,-0.002,NO
2026-03-25 18:19:47,9becb9b0-018,DEPLOYED,0.002,0.002,-0.002,NO
2026-03-25 18:20:49,a2b087c9-d74,DEPLOYED,0.002,0.002,-0.002,NO
2026-03-25 18:21:52,9718512d-7d8,DEPLOYED,0.002,0.002,-0.002,NO
2026-03-25 18:22:54,49e9c467-b55,DEPLOYED,0.002,0.002,-0.002,NO
2026-03-25 18:23:55,38c6c449-97e,DEPLOYED,0.002,0.002,-0.002,NO
2026-03-25 18:24:58,957de443-c82,DEPLOYED,0.002,0.002,-0.002,NO
2026-03-25 18:26:02,408b4523-922,ROLLED BACK,,,,
2026-03-25 18:27:05,4b839e9e-c17,DEPLOYED,0.002,0.002,-0.002,NO
2026-03-25 18:28:07,1da3b7db-ccb,DEPLOYED,0.002,0.002,-0.002,NO
2026-03-25 18:29:08,60285d2e-c52,DEPLOYED,0.002,0.002,-0.002,NO
2026-03-25 18:30:11,7ee501c1-266,DEPLOYED,0.002,0.002,-0.002,NO
2026-03-25 18:31:14,cdf00bc8-bf7,ROLLED BACK,,,,
2026-03-25 18:32:18,37c12da1-7cd,ROLLED BACK,,,,
2026-03-25 18:33:21,e3b8ce55-e4f,DEPLOYED,0.127,0.002,-0.002,YES
2026-03-25 18:34:23,554f69ef-639,DEPLOYED,0.002,0.002,-0.002,NO
2026-03-25 18:35:25,2d73ca9b-5ae,DEPLOYED,0.002,0.002,-0.002,NO
2026-03-25 18:36:27,c3f8a237-0ff,ROLLED BACK,,,,
2026-03-25 18:37:29,5c16fb7b-972,DEPLOYED,0.127,0.002,-0.002,YES
2026-03-25 18:38:33,fb7c7cb0-fd9,ROLLED BACK,,,,
2026-03-25 18:39:35,0983e9be-78b,ROLLED BACK,,,,
2026-03-25 18:40:37,ed413a47-56f,DEPLOYED,0.002,0.002,-0.002,NO
2026-03-25 18:41:39,0c487c0c-f6d,DEPLOYED,0.002,0.002,-0.002,NO
2026-03-25 18:42:42,91e5ba46-5df,DEPLOYED,0.002,0.002,-0.002,NO
2026-03-25 18:43:45,9d9ab58c-fc7,DEPLOYED,0.002,0.002,-0.002,NO
2026-03-25 18:44:49,5243c812-499,ROLLED BACK,,,,
2026-03-25 18:45:51,98c5f284-01c,DEPLOYED,0.002,0.002,-0.002,NO
2026-03-25 18:46:54,e528ec7d-e54,ROLLED BACK,,,,
2026-03-25 18:47:55,ee3eb825-45c,DEPLOYED,0.002,0.002,-0.002,NO
2026-03-25 18:48:58,ff18e9c1-a32,DEPLOYED,0.002,0.002,-0.002,NO
2026-03-25 18:50:01,03c3bf32-96a,DEPLOYED,0.002,0.002,-0.002,NO
2026-03-25 18:51:05,adf6f35d-34b,ROLLED BACK,,,,
2026-03-25 18:52:08,fe783ad2-489,DEPLOYED,0.002,0.002,-0.002,NO
2026-03-25 18:53:10,116e4df1-632,ROLLED BACK,,,,
2026-03-25 18:54:12,29514632-1bc,DEPLOYED,0.002,0.002,-0.002,NO
2026-03-25 18:55:14,53b4cb64-be1,DEPLOYED,0.002,0.002,-0.002,NO
2026-03-25 18:56:17,164849db-74c,DEPLOYED,0.002,0.002,-0.002,NO
2026-03-25 18:57:22,a4346392-e3e,DEPLOYED,0.002,0.002,-0.002,NO
2026-03-25 18:58:23,25cc289b-73c,DEPLOYED,0.002,0.002,-0.002,NO
2026-03-25 18:59:26,9cf3aa19-208,DEPLOYED,0.002,0.002,-0.002,NO
2026-03-25 19:00:29,9e49f2a1-00d,DEPLOYED,0.002,0.002,-0.002,NO
2026-03-25 19:01:30,c962c260-0ff,DEPLOYED,0.002,0.002,-0.002,NO
2026-03-25 19:02:33,e9304473-d30,DEPLOYED,0.002,0.002,-0.002,NO
2026-03-25 19:03:37,fce51ff0-4ca,ROLLED BACK,,,,
2026-03-25 19:04:39,7a18c4d8-b8c,DEPLOYED,0.002,0.002,-0.002,NO
2026-03-25 19:05:42,7197e6ae-573,DEPLOYED,0.002,0.002,-0.002,NO
2026-03-25 19:06:44,3c4a2797-331,DEPLOYED,0.002,0.002,-0.002,NO
2026-03-25 19:07:46,9b936995-ed8,DEPLOYED,0.002,0.002,-0.002,NO
2026-03-25 19:08:48,27e25f64-73a,DEPLOYED,0.002,0.002,-0.002,NO
2026-03-25 19:09:53,dee5e124-5e2,ROLLED BACK,,,,
2026-03-25 19:10:55,eae2a350-c45,DEPLOYED,0.002,0.002,-0.002,NO
2026-03-25 19:11:57,964bc6c4-10f,DEPLOYED,0.002,0.002,-0.002,NO
2026-03-25 19:13:00,7f77c7af-971,DEPLOYED,0.002,0.002,-0.002,NO
2026-03-25 19:14:01,1f0e5ff6-a3b,DEPLOYED,0.002,0.002,-0.002,NO
2026-03-25 19:15:04,320f35ad-d40,DEPLOYED,0.002,0.002,-0.002,NO
2026-03-25 19:16:09,f93ee07d-f45,DEPLOYED,0.002,0.002,-0.002,NO
2026-03-25 19:17:10,d6c7a326-66f,DEPLOYED,0.002,0.002,-0.002,NO
2026-03-25 19:18:13,922bc5d8-2ff,DEPLOYED,0.002,0.002,-0.002,NO
2026-03-25 19:19:16,60596a98-571,DEPLOYED,0.002,0.002,-0.002,NO
2026-03-25 19:20:17,9f7fcf6a-b06,DEPLOYED,0.002,0.002,-0.002,NO
2026-03-25 19:21:20,75b2f0f5-a52,DEPLOYED,0.002,0.002,-0.002,NO
2026-03-25 19:22:24,f94fbeec-877,ROLLED BACK,,,,
2026-03-25 19:23:26,869cc345-fab,DEPLOYED,0.002,0.002,-0.002,NO
2026-03-25 19:24:29,42e49d94-4e3,DEPLOYED,0.002,0.002,-0.002,NO
2026-03-25 19:25:31,f524f4a4-d62,ROLLED BACK,,,,
2026-03-25 19:26:33,0c6ae899-1b0,DEPLOYED,0.127,0.002,-0.002,YES
2026-03-25 19:27:35,0e3361d5-fc8,DEPLOYED,0.002,0.002,-0.002,NO
2026-03-25 19:28:40,d3f1ca1a-ffc,ROLLED BACK,,,,
2026-03-25 19:29:42,2585e67f-e33,DEPLOYED,0.002,0.002,-0.002,NO
2026-03-25 19:30:44,e4f0bde8-755,DEPLOYED,0.002,0.002,-0.002,NO
2026-03-25 19:31:46,0f0fdea4-3cb,DEPLOYED,0.002,0.002,-0.002,NO
2026-03-25 19:32:49,88092d36-e9f,ROLLED BACK,,,,
2026-03-25 19:33:50,54685ead-140,DEPLOYED,0.002,0.002,-0.002,NO
2026-03-25 19:34:55,444b79cb-e9a,DEPLOYED,0.002,0.002,-0.002,NO
2026-03-25 19:35:58,f16cada0-616,DEPLOYED,0.002,0.002,-0.002,NO
2026-03-25 19:36:59,895857cb-c7f,DEPLOYED,0.002,0.002,-0.002,NO
2026-03-25 19:38:02,a8fb1656-aa3,DEPLOYED,0.002,0.002,-0.002,NO
2026-03-25 19:39:05,ba72d3b6-5cf,DEPLOYED,0.002,0.002,-0.002,NO
2026-03-25 19:40:06,bd88dc78-d30,DEPLOYED,0.002,0.002,-0.002,NO
2026-03-25 19:41:11,dad34702-aec,ROLLED BACK,,,,
2026-03-25 19:42:13,b6c032d5-17a,ROLLED BACK,,,,
2026-03-25 19:43:15,f9f64271-f77,DEPLOYED,0.002,0.002,-0.002,NO
2026-03-25 19:44:17,c3392ec4-f0e,DEPLOYED,0.002,0.002,-0.002,NO
2026-03-25 19:45:20,cdca8038-826,ROLLED BACK,,,,
2026-03-25 19:46:21,30e57257-517,DEPLOYED,0.002,0.002,-0.002,NO
2026-03-25 19:47:26,74ef9e2b-742,ROLLED BACK,,,,
2026-03-25 19:48:28,53251a75-a20,DEPLOYED,0.002,0.002,-0.002,NO
2026-03-25 19:49:30,81265368-d58,DEPLOYED,0.002,0.002,-0.002,NO
2026-03-25 19:50:33,38e1633f-49a,DEPLOYED,0.002,0.002,-0.002,NO
2026-03-25 19:51:35,5be8147d-f51,DEPLOYED,0.002,0.002,-0.002,NO
2026-03-25 19:52:37,60bdd8dc-63f,DEPLOYED,0.002,0.002,-0.002,NO
2026-03-25 19:53:41,873db1b5-8e1,DEPLOYED,0.002,0.002,-0.002,NO
2026-03-25 19:54:44,ffd3f172-2e2,DEPLOYED,0.002,0.002,-0.002,NO
2026-03-25 19:55:46,3fa7b43a-281,DEPLOYED,0.002,0.002,-0.002,NO
2026-03-25 19:56:48,a6dc14a4-8bc,DEPLOYED,0.002,0.002,-0.002,NO
2026-03-25 19:57:50,6fbec2d4-57e,DEPLOYED,0.002,0.002,-0.002,NO
2026-03-25 19:58:53,8a3b5d66-3f5,DEPLOYED,0.002,0.002,-0.002,NO
2026-03-25 19:59:58,647f4f0f-4b0,ROLLED BACK,,,,
2026-03-25 20:00:59,a6964aba-c36,DEPLOYED,0.002,0.002,-0.002,NO
2026-03-25 20:02:02,daf72761-788,DEPLOYED,0.002,0.002,-0.002,NO
2026-03-25 20:03:04,ad056282-a7e,DEPLOYED,0.002,0.002,-0.002,NO
2026-03-25 20:04:07,6dc29b9c-0cc,DEPLOYED,0.002,0.002,-0.002,NO
2026-03-25 20:05:09,7d641d6c-198,DEPLOYED,0.002,0.002,-0.002,NO
2026-03-25 20:06:13,cad58f34-c3c,ROLLED BACK,,,,
2026-03-25 20:07:16,bd06b483-caf,DEPLOYED,0.002,0.002,-0.002,NO
2026-03-25 20:08:19,e1448023-bc7,ROLLED BACK,,,,
2026-03-25 20:09:21,11f5e819-b6d,DEPLOYED,0.127,0.002,-0.002,YES
2026-03-25 20:10:23,cebca7d7-706,DEPLOYED,0.002,0.002,-0.002,NO
2026-03-25 20:11:25,faf30bcb-6e6,DEPLOYED,0.002,0.002,-0.002,NO
2026-03-25 20:12:30,8e95607d-110,DEPLOYED,0.002,0.002,-0.002,NO
2026-03-25 20:13:31,4ab2c5a4-739,DEPLOYED,0.002,0.002,-0.002,NO
2026-03-25 20:14:34,41301c83-ae6,DEPLOYED,0.002,0.002,-0.002,NO
2026-03-25 20:15:37,d0f8432e-8bc,ROLLED BACK,,,,
2026-03-25 20:16:38,77d2c81f-1e7,DEPLOYED,0.002,0.002,-0.002,NO
2026-03-25 20:17:41,15fd6222-7b0,ROLLED BACK,,,,
2026-03-25 20:18:45,a8715385-0e5,ROLLED BACK,,,,
2026-03-25 20:19:48,e6c09b81-40d,ROLLED BACK,,,,
2026-03-25 20:20:50,cc9d58c4-00a,ROLLED BACK,,,,
2026-03-25 20:21:52,a13380c7-ce1,DEPLOYED,0.002,0.002,-0.002,NO
2026-03-25 20:22:55,e2f1a883-f9f,DEPLOYED,0.002,0.002,-0.002,NO
2026-03-25 20:23:56,d76ab534-008,DEPLOYED,0.002,0.002,-0.002,NO
2026-03-25 20:25:01,b2b52f05-d7e,DEPLOYED,0.002,0.002,-0.002,NO
2026-03-25 20:26:02,8e4776ca-cbd,DEPLOYED,0.002,0.002,-0.002,NO
2026-03-25 20:27:05,5440ff40-861,DEPLOYED,0.002,0.002,-0.002,NO
2026-03-25 20:28:07,3f4d9903-27f,DEPLOYED,0.002,0.002,-0.002,NO
2026-03-25 20:29:09,9eea6904-958,DEPLOYED,0.002,0.002,-0.002,NO
2026-03-25 20:30:11,16960f3f-16c,DEPLOYED,0.002,0.002,-0.002,NO
2026-03-25 20:31:16,759ea88b-668,DEPLOYED,0.002,0.002,-0.002,NO
2026-03-25 20:32:17,b8a02bc4-ff9,DEPLOYED,0.002,0.002,-0.002,NO
2026-03-25 20:33:20,4821bfdf-80e,DEPLOYED,0.002,0.002,-0.002,NO
2026-03-25 20:34:21,373b9aa7-093,DEPLOYED,0.002,0.002,-0.002,NO
2026-03-25 20:35:24,14967175-d60,DEPLOYED,0.002,0.002,-0.002,NO
2026-03-25 20:36:26,8a4fec0a-f05,ROLLED BACK,,,,
2026-03-25 20:37:31,08b8e546-bc0,DEPLOYED,0.127,0.002,-0.002,YES
2026-03-25 20:38:33,07948990-291,ROLLED BACK,,,,
2026-03-25 20:39:36,2157da03-7cd,DEPLOYED,0.127,0.002,-0.002,YES
2026-03-25 20:40:39,b30bdc4d-6f1,DEPLOYED,0.002,0.002,-0.002,NO
2026-03-25 20:41:41,a9661c67-d58,ROLLED BACK,,,,
2026-03-25 20:42:44,76d8dd09-e55,DEPLOYED,0.002,0.002,-0.002,NO
2026-03-25 20:43:48,cd491dca-1af,DEPLOYED,0.002,0.002,-0.002,NO
2026-03-25 20:44:51,e0bf1379-744,DEPLOYED,0.002,0.002,-0.002,NO
2026-03-25 20:45:54,3415b20c-543,DEPLOYED,0.002,0.002,-0.002,NO
2026-03-25 20:46:56,4e2fc6b0-f06,DEPLOYED,0.002,0.002,-0.002,NO
2026-03-25 20:47:59,86341a31-bf5,DEPLOYED,0.002,0.002,-0.002,NO
2026-03-25 20:49:01,606e13d3-241,DEPLOYED,0.002,0.002,-0.002,NO
2026-03-25 20:50:06,473fceba-880,ROLLED BACK,,,,
2026-03-25 20:51:09,645fdb16-2d4,ROLLED BACK,,,,
2026-03-25 20:52:11,e2040998-bda,DEPLOYED,0.002,0.002,-0.002,NO
2026-03-25 20:53:14,5f27db5a-105,DEPLOYED,0.002,0.002,-0.002,NO
2026-03-25 20:54:16,e5bbf46e-db3,DEPLOYED,0.002,0.002,-0.002,NO
2026-03-25 20:55:19,d923c153-2de,DEPLOYED,0.002,0.002,-0.002,NO
2026-03-25 20:56:24,9f6af040-9e9,DEPLOYED,0.002,0.002,-0.002,NO
2026-03-25 20:57:26,322ef1ea-fc6,DEPLOYED,0.002,0.002,-0.002,NO
2026-03-25 20:58:29,6cb06d57-725,DEPLOYED,0.002,0.002,-0.002,NO
2026-03-25 20:59:31,ab2db4ba-782,DEPLOYED,0.002,0.002,-0.002,NO
2026-03-25 21:00:34,b1d82d1a-32e,DEPLOYED,0.002,0.002,-0.002,NO
2026-03-25 21:01:37,1004b726-76c,ROLLED BACK,,,,
2026-03-25 21:02:41,846e8d07-a95,ROLLED BACK,,,,
2026-03-25 21:03:44,c06800ac-430,DEPLOYED,0.127,0.002,-0.002,YES
2026-03-25 21:04:46,7a762327-329,DEPLOYED,0.002,0.002,-0.002,NO
2026-03-25 21:05:49,e22d44d6-de8,DEPLOYED,0.002,0.002,-0.002,NO
2026-03-25 21:06:52,4109c2a6-fcb,DEPLOYED,0.002,0.002,-0.002,NO
2026-03-25 21:07:54,fe72efc7-be4,DEPLOYED,0.002,0.002,-0.002,NO
2026-03-25 21:08:59,3f90ce1c-246,DEPLOYED,0.002,0.002,-0.002,NO
2026-03-25 21:10:01,17f08dc7-b77,DEPLOYED,0.002,0.002,-0.002,NO
2026-03-25 21:11:04,dd4c814e-380,DEPLOYED,0.002,0.002,-0.002,NO
2026-03-25 21:12:07,509ebc50-a13,DEPLOYED,0.002,0.002,-0.002,NO
2026-03-25 21:13:09,248b4076-df9,DEPLOYED,0.002,0.002,-0.002,NO
2026-03-25 21:14:12,6fb92189-ace,DEPLOYED,0.002,0.002,-0.002,NO
2026-03-25 21:15:17,58a7f917-e33,ROLLED BACK,,,,
2026-03-25 21:16:19,410d4ca6-beb,DEPLOYED,0.002,0.002,-0.002,NO
2026-03-25 21:17:22,4918d752-83d,DEPLOYED,0.002,0.002,-0.002,NO
2026-03-25 21:18:24,310a55a4-0ee,DEPLOYED,0.002,0.002,-0.002,NO
2026-03-25 21:19:27,e651d91f-4f5,ROLLED BACK,,,,
2026-03-25 21:20:30,61af6aa3-a1a,DEPLOYED,0.002,0.002,-0.002,NO
2026-03-25 21:21:33,5f5b4eb3-df5,DEPLOYED,0.002,0.002,-0.002,NO
2026-03-25 21:22:36,f0d4cab4-a9c,DEPLOYED,0.002,0.002,-0.002,NO
2026-03-25 21:23:38,b7392e65-f3e,DEPLOYED,0.002,0.002,-0.002,NO
2026-03-25 21:24:41,18a9aea4-715,DEPLOYED,0.002,0.002,-0.002,NO
2026-03-25 21:25:42,33828edf-a04,DEPLOYED,0.002,0.002,-0.002,NO
2026-03-25 21:26:45,db65541f-69b,DEPLOYED,0.002,0.002,-0.002,NO
2026-03-25 21:27:49,7e903c0b-4fc,ROLLED BACK,,,,
2026-03-25 21:28:51,d3390a08-2fa,DEPLOYED,0.002,0.002,-0.002,NO
2026-03-25 21:29:54,9220ef2a-654,DEPLOYED,0.002,0.002,-0.002,NO
2026-03-25 21:30:56,d64e499e-a98,ROLLED BACK,,,,
2026-03-25 21:31:59,888574ff-926,DEPLOYED,0.127,0.002,-0.002,YES
2026-03-25 21:33:01,278a1681-feb,ROLLED BACK,,,,
2026-03-25 21:34:04,551861f3-4e4,DEPLOYED,0.127,0.002,-0.002,YES
2026-03-25 21:35:07,d704ea91-e3c,DEPLOYED,0.127,0.002,-0.002,YES
2026-03-25 21:36:10,02bd3612-b26,ROLLED BACK,,,,
2026-03-25 21:37:12,97278a99-30e,ROLLED BACK,,,,
2026-03-25 21:38:15,61b0dbed-071,DEPLOYED,0.002,0.002,-0.002,NO
2026-03-25 21:39:18,8e13998b-9b8,DEPLOYED,0.002,0.002,-0.002,NO
2026-03-25 21:40:22,c0a39586-d96,ROLLED BACK,,,,
2026-03-25 21:41:25,01519942-aa6,DEPLOYED,0.002,0.002,-0.002,NO
2026-03-25 21:42:27,54e1ba1a-68f,ROLLED BACK,,,,
2026-03-25 21:43:30,808bc1ab-6ba,DEPLOYED,0.002,0.002,-0.002,NO
2026-03-25 21:44:33,bf5f4ee6-1bc,DEPLOYED,0.002,0.002,-0.002,NO
2026-03-25 21:45:35,2364d3f6-c7d,DEPLOYED,0.002,0.002,-0.002,NO
2026-03-25 21:46:40,7ceea0b5-01e,ROLLED BACK,,,,
2026-03-25 21:47:42,3fdd4b8d-6ae,DEPLOYED,0.002,0.002,-0.002,NO
2026-03-25 21:48:45,08fa5d61-92c,DEPLOYED,0.002,0.002,-0.002,NO
2026-03-25 21:49:48,20254df7-607,ROLLED BACK,,,,
2026-03-25 21:50:50,225347f5-c08,ROLLED BACK,,,,
2026-03-25 21:51:53,1bc63fa2-cfb,DEPLOYED,0.002,0.002,-0.002,NO
2026-03-25 21:52:57,dace0ebe-e26,ROLLED BACK,,,,
2026-03-25 21:54:00,26f6f85e-290,DEPLOYED,0.002,0.002,-0.002,NO
2026-03-25 21:55:03,ab353798-f04,ROLLED BACK,,,,
2026-03-25 21:56:05,279f9fbf-359,DEPLOYED,0.002,0.002,-0.002,NO
2026-03-25 21:57:08,e9fe0ebd-3cc,DEPLOYED,0.002,0.002,-0.002,NO
2026-03-25 21:58:10,accc5415-b27,DEPLOYED,0.002,0.002,-0.002,NO
2026-03-25 21:59:15,b23a59bd-d62,DEPLOYED,0.002,0.002,-0.002,NO
2026-03-25 22:00:18,cd76c17a-24a,ROLLED BACK,,,,
2026-03-25 22:01:20,cc36378a-ad8,ROLLED BACK,,,,
2026-03-25 22:02:23,01b46356-b09,DEPLOYED,0.002,0.002,-0.002,NO
2026-03-25 22:03:25,009f7451-439,DEPLOYED,0.002,0.002,-0.002,NO
2026-03-25 22:04:27,1656022d-c98,DEPLOYED,0.127,0.127,-0.127,NO
2026-03-25 22:05:32,f4361c70-be5,ROLLED BACK,,,,
2026-03-25 22:06:34,5e8f754e-3c6,ROLLED BACK,,,,
2026-03-25 22:07:36,9b570df5-18d,DEPLOYED,0.127,0.002,-0.002,YES
2026-03-25 22:08:38,fb38dc22-56a,DEPLOYED,0.002,0.002,-0.002,NO
2026-03-25 22:09:41,82c632d0-731,DEPLOYED,0.002,0.002,-0.002,NO
2026-03-25 22:10:44,8a8b3883-d34,DEPLOYED,0.002,0.002,-0.002,NO
2026-03-25 22:11:48,476a6eba-9f4,ROLLED BACK,,,,
2026-03-25 22:12:51,58c5cef6-aa1,DEPLOYED,0.002,0.002,-0.002,NO
2026-03-25 22:13:53,db6b522c-531,ROLLED BACK,,,,
2026-03-25 22:14:56,b1d930c7-8c5,DEPLOYED,0.002,0.002,-0.002,NO
2026-03-25 22:15:59,eb3efad9-12a,DEPLOYED,0.002,0.002,-0.002,NO
2026-03-25 22:17:01,19dcd9b5-85d,DEPLOYED,0.002,0.002,-0.002,NO
2026-03-25 22:18:06,f4dfe71a-f40,ROLLED BACK,,,,
2026-03-25 22:19:08,398b08e9-553,ROLLED BACK,,,,
2026-03-25 22:20:11,688b266d-099,DEPLOYED,0.002,0.002,-0.002,NO
2026-03-25 22:21:14,d2dec79e-ec0,DEPLOYED,0.002,0.002,-0.002,NO
2026-03-25 22:22:16,6b9ae62e-7b7,DEPLOYED,0.002,0.002,-0.002,NO
2026-03-25 22:23:19,66643c11-bac,DEPLOYED,0.002,0.002,-0.002,NO
2026-03-25 22:24:23,42c618df-138,ROLLED BACK,,,,
2026-03-25 22:25:26,3ccc6b6a-f95,DEPLOYED,0.002,0.002,-0.002,NO
2026-03-25 22:26:29,299d049a-523,DEPLOYED,0.002,0.002,-0.002,NO
2026-03-25 22:27:31,eaff6d2d-73c,DEPLOYED,0.002,0.002,-0.002,NO
2026-03-25 22:28:34,123e6dfc-fd0,DEPLOYED,0.002,0.002,-0.002,NO
2026-03-25 22:29:36,03f020f1-587,DEPLOYED,0.002,0.002,-0.002,NO
2026-03-25 22:30:41,f474d02b-650,ROLLED BACK,,,,
2026-03-25 22:31:44,024cacd9-706,DEPLOYED,0.002,0.002,-0.002,NO
2026-03-25 22:32:46,610877ed-7b8,DEPLOYED,0.002,0.002,-0.002,NO
2026-03-25 22:33:49,d34d3af9-4ed,ROLLED BACK,,,,
2026-03-25 22:34:50,3d9fd7db-f40,DEPLOYED,0.127,0.002,-0.002,YES
2026-03-25 22:35:53,ba99f70b-621,DEPLOYED,0.002,0.002,-0.002,NO
2026-03-25 22:36:58,2a5e7a1e-728,ROLLED BACK,,,,
2026-03-25 22:38:00,53315575-aea,ROLLED BACK,,,,
2026-03-25 22:39:03,76d84795-707,ROLLED BACK,,,,
2026-03-25 22:40:05,31443ed7-77d,ROLLED BACK,,,,
2026-03-25 22:41:07,a7264a01-896,DEPLOYED,0.127,0.002,-0.002,YES
2026-03-25 22:42:10,3950b376-b9d,DEPLOYED,0.002,0.002,-0.002,NO
2026-03-25 22:43:15,4f973854-d99,ROLLED BACK,,,,
2026-03-25 22:44:17,13cc4579-37c,ROLLED BACK,,,,
2026-03-25 22:45:20,ab24008b-83c,DEPLOYED,0.002,0.002,-0.002,NO
2026-03-25 22:46:22,8132c9b9-313,DEPLOYED,0.002,0.002,-0.002,NO
2026-03-25 22:47:25,683f56ff-d11,DEPLOYED,0.002,0.002,-0.002,NO
2026-03-25 22:48:28,7ce35441-4fc,DEPLOYED,0.002,0.002,-0.002,NO
2026-03-25 22:49:32,ec036be3-571,ROLLED BACK,,,,
2026-03-25 22:50:35,9713e06f-db7,ROLLED BACK,,,,
2026-03-25 22:51:37,b486c6c2-dbd,DEPLOYED,0.127,0.127,-0.127,NO
2026-03-25 22:52:40,1e159357-3a7,ROLLED BACK,,,,
2026-03-25 22:53:42,49303726-147,DEPLOYED,0.127,0.002,-0.002,YES
2026-03-25 22:54:45,0d2cb868-086,DEPLOYED,0.127,0.002,-0.002,YES
2026-03-25 22:55:49,32015991-021,ROLLED BACK,,,,
2026-03-25 22:56:52,8644abda-76e,DEPLOYED,0.002,0.002,-0.002,NO
2026-03-25 22:57:53,b50db41a-7b9,DEPLOYED,0.002,0.002,-0.002,NO
2026-03-25 22:58:56,2d0bddfd-f8e,DEPLOYED,0.002,0.002,-0.002,NO
2026-03-25 22:59:59,edcf5c14-2d1,DEPLOYED,0.002,0.002,-0.002,NO
2026-03-25 23:01:00,56ad1610-52a,DEPLOYED,0.002,0.002,-0.002,NO
2026-03-25 23:02:05,ff23529a-071,ROLLED BACK,,,,
2026-03-25 23:03:08,9c2ced1a-e20,DEPLOYED,0.002,0.002,-0.002,NO
2026-03-25 23:04:10,a5a604e2-ace,ROLLED BACK,,,,
2026-03-25 23:05:12,50aeb618-c62,DEPLOYED,0.127,0.002,-0.002,YES
2026-03-25 23:06:15,b2121770-631,DEPLOYED,0.002,0.002,-0.002,NO
2026-03-25 23:07:18,c3d564d0-eb1,ROLLED BACK,,,,
2026-03-25 23:08:22,c975fab1-015,DEPLOYED,0.002,0.002,-0.002,NO
2026-03-25 23:09:25,9515df5b-4b7,ROLLED BACK,,,,
2026-03-25 23:10:27,c7dbf08d-e13,DEPLOYED,0.002,0.002,-0.002,NO
2026-03-25 23:11:30,9ce995b5-341,DEPLOYED,0.002,0.002,-0.002,NO
2026-03-25 23:12:32,559b29e6-232,DEPLOYED,0.002,0.002,-0.002,NO
2026-03-25 23:13:35,0292e23e-ecb,DEPLOYED,0.002,0.002,-0.002,NO
2026-03-25 23:14:40,598a60e3-06a,ROLLED BACK,,,,
2026-03-25 23:15:42,2e2b8712-937,DEPLOYED,0.002,0.002,-0.002,NO
2026-03-25 23:16:45,80acf989-a15,DEPLOYED,0.002,0.002,-0.002,NO
2026-03-25 23:17:48,78486138-73b,DEPLOYED,0.002,0.002,-0.002,NO
2026-03-25 23:18:50,b46ceeaf-a75,DEPLOYED,0.002,0.002,-0.002,NO
2026-03-25 23:19:53,3cf9cefe-d98,ROLLED BACK,,,,
2026-03-25 23:20:57,678ef309-d88,ROLLED BACK,,,,
2026-03-25 23:22:00,21e20645-350,DEPLOYED,0.002,0.002,-0.002,NO
2026-03-25 23:23:03,1ca493c9-e72,ROLLED BACK,,,,
2026-03-25 23:24:05,b2966751-0bc,DEPLOYED,0.002,0.002,-0.002,NO
2026-03-25 23:25:08,a1b88e1d-9cf,ROLLED BACK,,,,
2026-03-25 23:26:10,7fd6094e-e59,ROLLED BACK,,,,
2026-03-25 23:27:15,81d2653b-be5,ROLLED BACK,,,,
2026-03-25 23:28:18,03540a1e-1e8,DEPLOYED,0.002,0.002,-0.002,NO
2026-03-25 23:29:20,fa149e57-e8e,DEPLOYED,0.002,0.002,-0.002,NO
2026-03-25 23:30:23,d340e9bf-f76,DEPLOYED,0.002,0.002,-0.002,NO
2026-03-25 23:31:26,a3cc10fa-323,DEPLOYED,0.002,0.002,-0.002,NO
2026-03-25 23:32:28,814798b0-71f,DEPLOYED,0.002,0.002,-0.002,NO
2026-03-25 23:33:33,c1d739c0-581,ROLLED BACK,,,,
2026-03-25 23:34:35,37051eaa-846,DEPLOYED,0.002,0.002,-0.002,NO
2026-03-25 23:35:38,ec0f14a4-51a,DEPLOYED,0.002,0.002,-0.002,NO
2026-03-25 23:36:41,0a5abea3-22f,DEPLOYED,0.002,0.002,-0.002,NO
2026-03-25 23:37:43,aad603ff-301,ROLLED BACK,,,,
2026-03-25 23:38:46,bd0f889e-102,DEPLOYED,0.002,0.002,-0.002,NO
2026-03-25 23:39:50,9b6eb9d4-c47,ROLLED BACK,,,,
2026-03-25 23:40:53,b201a77a-e43,ROLLED BACK,,,,
2026-03-25 23:41:56,774b8c3f-ea8,DEPLOYED,0.127,0.002,-0.002,YES
2026-03-25 23:42:58,d510f67c-898,DEPLOYED,0.002,0.002,-0.002,NO
2026-03-25 23:44:01,356a26fc-381,DEPLOYED,0.002,0.002,-0.002,NO
2026-03-25 23:45:03,3ead5c76-bf1,DEPLOYED,0.002,0.002,-0.002,NO
2026-03-25 23:46:08,36d7d851-0d0,ROLLED BACK,,,,
2026-03-25 23:47:11,2b370172-1c1,DEPLOYED,0.002,0.002,-0.002,NO
2026-03-25 23:48:13,dde2a6f8-02d,ROLLED BACK,,,,
2026-03-25 23:49:16,a77488e9-eb6,DEPLOYED,0.002,0.002,-0.002,NO
2026-03-25 23:50:18,06cde434-a58,DEPLOYED,0.002,0.002,-0.002,NO
2026-03-25 23:51:21,a69d99a8-3dc,DEPLOYED,0.002,0.002,-0.002,NO
2026-03-25 23:52:26,e6b387e3-7df,DEPLOYED,0.002,0.002,-0.002,NO
2026-03-25 23:53:28,458452a9-ab5,DEPLOYED,0.002,0.002,-0.002,NO
2026-03-25 23:54:31,a3288025-d4e,ROLLED BACK,,,,
2026-03-25 23:55:33,95ebfbd4-4cb,DEPLOYED,0.002,0.002,-0.002,NO
2026-03-25 23:56:36,85bf5a4c-0f4,ROLLED BACK,,,,
2026-03-25 23:57:39,5ee1c41f-94a,DEPLOYED,0.002,0.002,-0.002,NO
2026-03-25 23:58:43,8c4f4c98-fd5,ROLLED BACK,,,,
2026-03-25 23:59:46,f70a9611-a86,DEPLOYED,0.002,0.002,-0.002,NO
2026-03-26 00:00:49,9a2da29f-c27,DEPLOYED,0.002,0.002,-0.002,NO
2026-03-26 00:01:51,af803ae9-ca7,DEPLOYED,0.002,0.002,-0.002,NO
2026-03-26 00:02:54,f7f9ed3f-0e6,DEPLOYED,0.002,0.002,-0.002,NO
2026-03-26 00:03:56,a5db37fd-d13,DEPLOYED,0.002,0.002,-0.002,NO
2026-03-26 00:05:01,5168d52a-c63,DEPLOYED,0.002,0.002,-0.002,NO
2026-03-26 00:06:04,c42cea61-f36,DEPLOYED,0.002,0.002,-0.002,NO
2026-03-26 00:07:06,1a964c21-9e4,DEPLOYED,0.002,0.002,-0.002,NO
2026-03-26 00:08:09,a2f2d3ee-0ec,DEPLOYED,0.002,0.002,-0.002,NO
2026-03-26 00:09:11,cfdc52c5-c29,DEPLOYED,0.002,0.002,-0.002,NO
2026-03-26 00:10:14,0be8a699-6e0,DEPLOYED,0.002,0.002,-0.002,NO
2026-03-26 00:11:19,1728e14d-e19,ROLLED BACK,,,,
2026-03-26 00:12:21,879d41c4-fa4,DEPLOYED,0.002,0.002,-0.002,NO
2026-03-26 00:13:24,7b671073-8c8,DEPLOYED,0.002,0.002,-0.002,NO
2026-03-26 00:14:25,e284e30b-cbe,DEPLOYED,0.002,0.002,-0.002,NO
2026-03-26 00:15:28,2d8399bc-4d5,DEPLOYED,0.002,0.002,-0.002,NO
2026-03-26 00:16:31,1b529b49-da1,DEPLOYED,0.002,0.002,-0.002,NO
2026-03-26 00:17:35,18217cdb-df1,DEPLOYED,0.002,0.002,-0.002,NO
2026-03-26 00:18:37,5f9a4fac-c43,DEPLOYED,0.002,0.002,-0.002,NO
2026-03-26 00:19:39,87f149cd-c23,DEPLOYED,0.002,0.002,-0.002,NO
2026-03-26 00:20:42,0408d666-86d,DEPLOYED,0.002,0.002,-0.002,NO
2026-03-26 00:21:45,d744085c-e33,DEPLOYED,0.002,0.002,-0.002,NO
2026-03-26 00:22:46,909f8363-698,DEPLOYED,0.002,0.002,-0.002,NO
2026-03-26 00:23:51,36304905-910,ROLLED BACK,,,,
2026-03-26 00:24:54,63718d69-c89,ROLLED BACK,,,,
2026-03-26 00:25:56,0ff71ecc-ddd,ROLLED BACK,,,,
2026-03-26 00:26:57,c7c537a3-ff0,DEPLOYED,0.002,0.002,-0.002,NO
2026-03-26 00:28:00,3d25b589-cb9,DEPLOYED,0.002,0.002,-0.002,NO
2026-03-26 00:29:03,28601328-a88,ROLLED BACK,,,,
2026-03-26 00:30:07,7d753c0e-7d2,ROLLED BACK,,,,
2026-03-26 00:31:10,f4f0721f-b6e,DEPLOYED,0.127,0.127,-0.127,NO
2026-03-26 00:32:13,292501ff-a52,ROLLED BACK,,,,
2026-03-26 00:33:14,6510abcc-ccc,DEPLOYED,0.127,0.002,-0.002,YES
2026-03-26 00:34:16,ced07e13-051,DEPLOYED,0.002,0.002,-0.002,NO
2026-03-26 00:35:18,7a78b037-8a8,DEPLOYED,0.002,0.002,-0.002,NO
2026-03-26 00:36:23,63ce8089-7ea,DEPLOYED,0.002,0.002,-0.002,NO
2026-03-26 00:37:24,ffed017d-d4d,DEPLOYED,0.002,0.002,-0.002,NO
2026-03-26 00:38:27,f1a7be7b-b38,DEPLOYED,0.002,0.002,-0.002,NO
2026-03-26 00:39:30,a32822ab-94b,DEPLOYED,0.002,0.002,-0.002,NO
2026-03-26 00:40:31,eaf5a8d5-951,DEPLOYED,0.002,0.002,-0.002,NO
2026-03-26 00:41:34,0a19e82e-116,DEPLOYED,0.002,0.002,-0.002,NO
2026-03-26 00:42:39,784eb57c-3dd,ROLLED BACK,,,,
2026-03-26 00:43:40,3554f0a6-1ad,DEPLOYED,0.002,0.002,-0.002,NO
2026-03-26 00:44:43,02097564-2f6,DEPLOYED,0.002,0.002,-0.002,NO
2026-03-26 00:45:46,61df10f6-7ef,DEPLOYED,0.002,0.002,-0.002,NO
2026-03-26 00:46:47,d185399f-6d0,DEPLOYED,0.002,0.002,-0.002,NO
2026-03-26 00:47:50,e1f857dc-2e9,DEPLOYED,0.002,0.002,-0.002,NO
2026-03-26 00:48:54,dc645bc8-78c,ROLLED BACK,,,,
2026-03-26 00:49:56,86df786d-c16,DEPLOYED,0.002,0.002,-0.002,NO
2026-03-26 00:50:58,47913fef-fe2,DEPLOYED,0.002,0.002,-0.002,NO
2026-03-26 00:52:01,5270791a-540,DEPLOYED,0.002,0.002,-0.002,NO
2026-03-26 00:53:03,6ae02721-31b,DEPLOYED,0.002,0.002,-0.002,NO
2026-03-26 00:54:05,492eee14-e91,DEPLOYED,0.002,0.002,-0.002,NO
2026-03-26 00:55:10,e087e362-e1f,DEPLOYED,0.002,0.002,-0.002,NO
2026-03-26 00:56:11,4b08de1c-b07,DEPLOYED,0.002,0.002,-0.002,NO
2026-03-26 00:57:14,2ef74419-6e9,DEPLOYED,0.002,0.002,-0.002,NO
2026-03-26 00:58:17,cb18a8f0-866,DEPLOYED,0.002,0.002,-0.002,NO
2026-03-26 00:59:19,fcb437e9-564,DEPLOYED,0.002,0.002,-0.002,NO
2026-03-26 01:00:21,3cc0613c-c3f,DEPLOYED,0.002,0.002,-0.002,NO
2026-03-26 01:01:25,34a7ffc2-0f5,ROLLED BACK,,,,
2026-03-26 01:02:28,e9f714b3-537,ROLLED BACK,,,,
2026-03-26 01:03:31,0a6236cb-0b8,DEPLOYED,0.127,0.002,-0.002,YES
2026-03-26 01:04:33,3b32f430-a6f,DEPLOYED,0.002,0.002,-0.002,NO
2026-03-26 01:05:35,d7cad6f4-995,DEPLOYED,0.002,0.002,-0.002,NO
2026-03-26 01:06:38,ee3823f7-93f,DEPLOYED,0.002,0.002,-0.002,NO
2026-03-26 01:07:42,12ebd36f-8b2,ROLLED BACK,,,,
2026-03-26 01:08:44,e8e1202a-9f1,ROLLED BACK,,,,
2026-03-26 01:09:46,262f222c-ac0,DEPLOYED,0.127,0.002,-0.002,YES
2026-03-26 01:10:48,bbc6c25e-6c8,ROLLED BACK,,,,
2026-03-26 01:11:50,66bdfe78-0ec,DEPLOYED,0.127,0.002,-0.002,YES
2026-03-26 01:12:53,d4ebcf1f-57a,DEPLOYED,0.002,0.002,-0.002,NO
2026-03-26 01:13:57,f50ae211-329,DEPLOYED,0.002,0.002,-0.002,NO
2026-03-26 01:15:00,3fe8ca2f-8ae,DEPLOYED,0.002,0.002,-0.002,NO
2026-03-26 01:16:02,b48f16ef-dad,DEPLOYED,0.002,0.002,-0.002,NO
2026-03-26 01:17:05,2b781438-f31,ROLLED BACK,,,,
2026-03-26 01:18:08,f6f0ab9c-8fc,ROLLED BACK,,,,
2026-03-26 01:19:10,5ef86ee4-ea5,ROLLED BACK,,,,
2026-03-26 01:20:13,63ac5ddd-803,DEPLOYED,0.127,0.002,-0.002,YES
2026-03-26 01:21:16,fd799daf-978,ROLLED BACK,,,,
2026-03-26 01:22:19,a7ca406a-bdb,DEPLOYED,0.127,0.127,-0.127,NO
2026-03-26 01:23:21,10479347-f9e,DEPLOYED,0.127,0.002,-0.002,YES
2026-03-26 01:24:24,12c23918-877,DEPLOYED,0.002,0.002,-0.002,NO
2026-03-26 01:25:26,10607b39-ebf,DEPLOYED,0.002,0.002,-0.002,NO
2026-03-26 01:26:31,7da9969a-824,DEPLOYED,0.002,0.002,-0.002,NO
2026-03-26 01:27:34,e708c1f1-88c,DEPLOYED,0.002,0.002,-0.002,NO
2026-03-26 01:28:35,401ed8bc-42d,DEPLOYED,0.002,0.002,-0.002,NO
2026-03-26 01:29:38,9a2f0139-02b,DEPLOYED,0.002,0.002,-0.002,NO
2026-03-26 01:30:39,164464b2-1b8,DEPLOYED,0.002,0.002,-0.002,NO
2026-03-26 01:31:42,3189032d-2b2,DEPLOYED,0.002,0.002,-0.002,NO
2026-03-26 01:32:46,4e5a11ad-53f,ROLLED BACK,,,,
2026-03-26 01:33:49,88b85135-b78,ROLLED BACK,,,,
2026-03-26 01:34:50,fca228d5-f37,DEPLOYED,0.002,0.002,-0.002,NO
2026-03-26 01:35:53,5836cf89-65c,DEPLOYED,0.002,0.002,-0.002,NO
2026-03-26 01:36:54,0570d7b1-80d,DEPLOYED,0.002,0.002,-0.002,NO
2026-03-26 01:37:57,2dd3bc18-f00,DEPLOYED,0.002,0.002,-0.002,NO
2026-03-26 01:39:01,381263a1-467,ROLLED BACK,,,,
2026-03-26 01:40:04,ae633734-5b6,DEPLOYED,0.002,0.002,-0.002,NO
2026-03-26 01:41:06,f9399da3-33e,DEPLOYED,0.002,0.002,-0.002,NO
2026-03-26 01:42:08,c30bd2b7-3e0,DEPLOYED,0.002,0.002,-0.002,NO
2026-03-26 01:43:11,f9394b6c-9a6,DEPLOYED,0.002,0.002,-0.002,NO
2026-03-26 01:44:12,cb03a4fa-173,DEPLOYED,0.002,0.002,-0.002,NO
2026-03-26 01:45:17,d012fc1b-d32,DEPLOYED,0.002,0.002,-0.002,NO
2026-03-26 01:46:18,a0c15dce-f77,DEPLOYED,0.002,0.002,-0.002,NO
2026-03-26 01:47:21,a532c151-076,DEPLOYED,0.002,0.002,-0.002,NO
2026-03-26 01:48:22,8cb269aa-28f,DEPLOYED,0.002,0.002,-0.002,NO
2026-03-26 01:49:25,8b31d5ea-82b,DEPLOYED,0.002,0.002,-0.002,NO
2026-03-26 01:50:27,baf68724-035,DEPLOYED,0.002,0.002,-0.002,NO
2026-03-26 01:51:31,2862d569-6a2,ROLLED BACK,,,,
2026-03-26 01:52:33,956a0051-bc2,DEPLOYED,0.002,0.002,-0.002,NO
2026-03-26 01:53:36,442e6896-fdd,DEPLOYED,0.002,0.002,-0.002,NO
2026-03-26 01:54:37,8cc91fcd-944,DEPLOYED,0.002,0.002,-0.002,NO
2026-03-26 01:55:40,2566e7b5-14b,DEPLOYED,0.002,0.002,-0.002,NO
2026-03-26 01:56:41,a49fda39-00c,DEPLOYED,0.002,0.002,-0.002,NO
2026-03-26 01:57:46,ea7ca2a1-6a4,ROLLED BACK,,,,
2026-03-26 01:58:48,13ada2cf-7d5,DEPLOYED,0.002,0.002,-0.002,NO
2026-03-26 01:59:50,b331752f-d10,DEPLOYED,0.002,0.002,-0.002,NO
2026-03-26 02:00:52,19b14126-5ed,ROLLED BACK,,,,
2026-03-26 02:01:54,6a825030-080,DEPLOYED,0.127,0.002,-0.002,YES
2026-03-26 02:02:57,bf6360ec-da8,DEPLOYED,0.002,0.002,-0.002,NO
2026-03-26 02:04:01,0e11550d-b1c,ROLLED BACK,,,,
2026-03-26 02:05:04,6f61a885-1e0,DEPLOYED,0.002,0.002,-0.002,NO
2026-03-26 02:06:06,7c3bf6f8-ba0,DEPLOYED,0.002,0.002,-0.002,NO
2026-03-26 02:07:09,ccf2f6b3-3a3,DEPLOYED,0.002,0.002,-0.002,NO
2026-03-26 02:08:12,87990932-f69,DEPLOYED,0.002,0.002,-0.002,NO
2026-03-26 02:09:14,8ce139a4-be5,DEPLOYED,0.002,0.002,-0.002,NO
2026-03-26 02:10:18,45de8a46-b47,ROLLED BACK,,,,
2026-03-26 02:11:21,ca0d5202-027,DEPLOYED,0.002,0.002,-0.002,NO
2026-03-26 02:12:24,965f6f64-ea3,ROLLED BACK,,,,
2026-03-26 02:13:26,5fd82e64-3f2,DEPLOYED,0.002,0.002,-0.002,NO
2026-03-26 02:14:29,1123e301-518,DEPLOYED,0.002,0.002,-0.002,NO
2026-03-26 02:15:31,60ad02b3-533,DEPLOYED,0.002,0.002,-0.002,NO
2026-03-26 02:16:36,25a9cbac-0fe,ROLLED BACK,,,,
2026-03-26 02:17:38,26f718a8-96f,DEPLOYED,0.002,0.002,-0.002,NO
2026-03-26 02:18:40,1f4c321d-c02,ROLLED BACK,,,,
2026-03-26 02:19:43,9c0dd2f9-63e,DEPLOYED,0.127,0.002,-0.002,YES
2026-03-26 02:20:46,c7a1cf96-a54,DEPLOYED,0.002,0.002,-0.002,NO
2026-03-26 02:21:48,e3efb5cb-43a,DEPLOYED,0.002,0.002,-0.002,NO
2026-03-26 02:22:53,557ef531-556,ROLLED BACK,,,,
2026-03-26 02:23:55,40597c4a-23b,DEPLOYED,0.002,0.002,-0.002,NO
2026-03-26 02:24:58,20488d47-91b,DEPLOYED,0.002,0.002,-0.002,NO
2026-03-26 02:26:01,fdacd5f7-3f7,DEPLOYED,0.002,0.002,-0.002,NO
2026-03-26 02:27:03,8c345efb-5fd,DEPLOYED,0.002,0.002,-0.002,NO
2026-03-26 02:28:05,b26204be-c43,DEPLOYED,0.002,0.002,-0.002,NO
2026-03-26 02:29:10,9acaa318-0df,ROLLED BACK,,,,
2026-03-26 02:30:13,51d19b61-b77,DEPLOYED,0.002,0.002,-0.002,NO
2026-03-26 02:31:15,b1ec3184-952,DEPLOYED,0.002,0.002,-0.002,NO
2026-03-26 02:32:18,b710f725-b63,DEPLOYED,0.002,0.002,-0.002,NO
2026-03-26 02:33:20,a30b4619-112,DEPLOYED,0.002,0.002,-0.002,NO
2026-03-26 02:34:23,349be069-1bc,DEPLOYED,0.002,0.002,-0.002,NO
2026-03-26 02:35:27,5525fb63-ca4,ROLLED BACK,,,,
2026-03-26 02:36:30,2451d8d1-15f,ROLLED BACK,,,,
2026-03-26 02:37:32,0131ef0a-3f0,DEPLOYED,0.002,0.002,-0.002,NO
2026-03-26 02:38:35,33278aa7-cdb,DEPLOYED,0.002,0.002,-0.002,NO
2026-03-26 02:39:36,07042569-f70,DEPLOYED,0.002,0.002,-0.002,NO
2026-03-26 02:40:39,61fb2582-a8c,DEPLOYED,0.002,0.002,-0.002,NO
2026-03-26 02:41:44,b3972bff-a55,ROLLED BACK,,,,
2026-03-26 02:42:46,9d09122f-31e,DEPLOYED,0.002,0.002,-0.002,NO
2026-03-26 02:43:48,b6fb9bc8-243,DEPLOYED,0.002,0.002,-0.002,NO
2026-03-26 02:44:51,6601b689-f89,DEPLOYED,0.002,0.002,-0.002,NO
2026-03-26 02:45:53,38a2c77b-b60,DEPLOYED,0.002,0.002,-0.002,NO
2026-03-26 02:46:56,5d9be066-13c,DEPLOYED,0.002,0.002,-0.002,NO
2026-03-26 02:47:59,2c15f2b8-dfe,DEPLOYED,0.002,0.002,-0.002,NO
2026-03-26 02:49:02,81ec7627-806,DEPLOYED,0.002,0.002,-0.002,NO
2026-03-26 02:50:05,c5feeff8-5c5,DEPLOYED,0.002,0.002,-0.002,NO
2026-03-26 02:51:07,4b3997a1-220,DEPLOYED,0.002,0.002,-0.002,NO
2026-03-26 02:52:09,258f0dc3-340,DEPLOYED,0.002,0.002,-0.002,NO
2026-03-26 02:53:11,9d55be86-679,DEPLOYED,0.002,0.002,-0.002,NO
2026-03-26 02:54:16,d9b51d8b-63c,ROLLED BACK,,,,
2026-03-26 02:55:19,b70c5576-10f,DEPLOYED,0.002,0.002,-0.002,NO
2026-03-26 02:56:20,efd341ad-fe8,DEPLOYED,0.002,0.002,-0.002,NO
2026-03-26 02:57:23,6c27ee8c-d1a,DEPLOYED,0.002,0.002,-0.002,NO
2026-03-26 02:58:25,4351eaec-3d8,DEPLOYED,0.002,0.002,-0.002,NO
2026-03-26 02:59:28,35bede41-f3f,ROLLED BACK,,,,
2026-03-26 03:00:32,724dc73a-98d,ROLLED BACK,,,,
2026-03-26 03:01:35,8f674458-1c1,ROLLED BACK,,,,
2026-03-26 03:02:37,d0303507-855,ROLLED BACK,,,,
2026-03-26 03:03:39,32ae3cc1-e95,DEPLOYED,0.127,0.002,-0.002,YES
2026-03-26 03:04:42,38d6f4c2-2d8,ROLLED BACK,,,,
2026-03-26 03:05:45,aea509ce-94c,DEPLOYED,0.127,0.002,-0.002,YES
2026-03-26 03:06:49,21a36d36-24b,ROLLED BACK,,,,
2026-03-26 03:07:51,978a2a43-f1a,DEPLOYED,0.002,0.002,-0.002,NO
2026-03-26 03:08:53,6978ebed-693,ROLLED BACK,,,,
2026-03-26 03:09:56,c78ceb93-d20,DEPLOYED,0.127,0.002,-0.002,YES
2026-03-26 03:10:57,db83b89f-324,DEPLOYED,0.002,0.002,-0.002,NO
2026-03-26 03:11:59,c2ca828e-a58,DEPLOYED,0.002,0.002,-0.002,NO
2026-03-26 03:13:03,91a47222-ea7,ROLLED BACK,,,,
2026-03-26 03:14:05,47d8715a-4a0,DEPLOYED,0.002,0.002,-0.002,NO
2026-03-26 03:15:06,4920940b-702,DEPLOYED,0.002,0.002,-0.002,NO
2026-03-26 03:16:08,6d5989ed-c85,DEPLOYED,0.002,0.002,-0.002,NO
2026-03-26 03:17:10,aaf0255b-a1c,DEPLOYED,0.002,0.002,-0.002,NO
2026-03-26 03:18:11,c73c40f8-c9f,DEPLOYED,0.002,0.002,-0.002,NO
2026-03-26 03:19:16,954a5acf-741,ROLLED BACK,,,,
2026-03-26 03:20:18,28584e24-ca4,DEPLOYED,0.002,0.002,-0.002,NO
2026-03-26 03:21:20,4a533e95-554,DEPLOYED,0.002,0.002,-0.002,NO
2026-03-26 03:22:23,c4e55130-c5e,DEPLOYED,0.002,0.002,-0.002,NO
2026-03-26 03:23:24,95f080ab-04c,DEPLOYED,0.002,0.002,-0.002,NO
2026-03-26 03:24:27,ec0d7ae2-d4e,DEPLOYED,0.002,0.002,-0.002,NO
2026-03-26 03:25:32,ae350b3e-cb3,DEPLOYED,0.002,0.002,-0.002,NO
2026-03-26 03:26:33,a212fd1c-3c0,DEPLOYED,0.002,0.002,-0.002,NO
2026-03-26 03:27:36,cd74fea3-817,DEPLOYED,0.002,0.002,-0.002,NO
2026-03-26 03:28:38,821e68dd-069,ROLLED BACK,,,,
2026-03-26 03:29:40,ff63346b-d82,DEPLOYED,0.002,0.002,-0.002,NO
2026-03-26 03:30:42,0a7a1b8a-e2c,DEPLOYED,0.002,0.002,-0.002,NO
2026-03-26 03:31:47,026fab86-88d,DEPLOYED,0.002,0.002,-0.002,NO
2026-03-26 03:32:48,834c1f40-b7b,DEPLOYED,0.002,0.002,-0.002,NO
2026-03-26 03:33:51,1fe059a9-81c,DEPLOYED,0.002,0.002,-0.002,NO
2026-03-26 03:34:54,2770ca5c-c7d,DEPLOYED,0.002,0.002,-0.002,NO
2026-03-26 03:35:55,63091de2-baf,DEPLOYED,0.002,0.002,-0.002,NO
2026-03-26 03:36:57,102267de-ab6,DEPLOYED,0.002,0.002,-0.002,NO
2026-03-26 03:38:02,3eeefd5a-db7,ROLLED BACK,,,,
2026-03-26 03:39:04,6d3d911a-8b4,DEPLOYED,0.002,0.002,-0.002,NO
2026-03-26 03:40:06,ebf03002-fae,ROLLED BACK,,,,
2026-03-26 03:41:09,1b128fab-375,DEPLOYED,0.127,0.127,-0.127,NO
2026-03-26 03:42:12,c7efe434-986,ROLLED BACK,,,,
2026-03-26 03:43:14,02f636a7-62c,ROLLED BACK,,,,
2026-03-26 03:44:18,12030298-a87,DEPLOYED,0.002,0.002,-0.002,NO
2026-03-26 03:45:21,64e47ab5-79e,DEPLOYED,0.002,0.002,-0.002,NO
2026-03-26 03:46:24,5122472f-9fe,DEPLOYED,0.002,0.002,-0.002,NO
2026-03-26 03:47:26,5bfd7289-731,DEPLOYED,0.002,0.002,-0.002,NO
2026-03-26 03:48:29,07432788-59a,DEPLOYED,0.002,0.002,-0.002,NO
2026-03-26 03:49:31,8b805fe3-f1c,DEPLOYED,0.002,0.002,-0.002,NO
2026-03-26 03:50:36,798fa653-ad7,ROLLED BACK,,,,
2026-03-26 03:51:38,3782e0fe-0a8,DEPLOYED,0.002,0.002,-0.002,NO
2026-03-26 03:52:41,e4f9a383-24b,DEPLOYED,0.002,0.002,-0.002,NO
2026-03-26 03:53:43,0b6e9b0b-450,DEPLOYED,0.002,0.002,-0.002,NO
2026-03-26 03:54:46,7a66e0fd-a39,DEPLOYED,0.002,0.002,-0.002,NO
2026-03-26 03:55:48,7653b9ee-8df,DEPLOYED,0.002,0.002,-0.002,NO
2026-03-26 03:56:53,f6d29bbf-fef,ROLLED BACK,,,,
2026-03-26 03:57:56,aed7259b-675,DEPLOYED,0.002,0.002,-0.002,NO
2026-03-26 03:58:58,0ff9513e-49d,ROLLED BACK,,,,
2026-03-26 04:00:01,d8b60afc-ab4,DEPLOYED,0.127,0.127,-0.127,NO
2026-03-26 04:01:03,bed89309-c5e,ROLLED BACK,,,,
2026-03-26 04:02:06,3b189bb0-44c,ROLLED BACK,,,,
2026-03-26 04:03:09,07d8027b-0d7,DEPLOYED,0.002,0.002,-0.002,NO
2026-03-26 04:04:12,cf4b0c89-aa6,ROLLED BACK,,,,
2026-03-26 04:05:15,c620d96e-0ed,ROLLED BACK,,,,
2026-03-26 04:06:17,edc7a291-16d,DEPLOYED,0.002,0.002,-0.002,NO
2026-03-26 04:07:20,5c31c4ad-c14,ROLLED BACK,,,,
2026-03-26 04:08:22,6ab1a13b-827,ROLLED BACK,,,,
2026-03-26 04:09:27,659b83af-a90,ROLLED BACK,,,,
2026-03-26 04:10:29,f2e5bc41-303,DEPLOYED,0.002,0.002,-0.002,NO
2026-03-26 04:11:31,f19b5bbc-a2f,DEPLOYED,0.002,0.002,-0.002,NO
2026-03-26 04:12:33,00c7477c-602,DEPLOYED,0.002,0.002,-0.002,NO
2026-03-26 04:13:36,4abb5a34-25a,DEPLOYED,0.002,0.002,-0.002,NO
2026-03-26 04:14:37,4423577f-627,DEPLOYED,0.002,0.002,-0.002,NO
2026-03-26 04:15:42,7c7f72b8-64a,DEPLOYED,0.002,0.002,-0.002,NO
2026-03-26 04:16:43,0fdeb522-0fc,DEPLOYED,0.002,0.002,-0.002,NO
2026-03-26 04:17:46,0f67d34b-f0e,DEPLOYED,0.002,0.002,-0.002,NO
2026-03-26 04:18:48,3a3ecfa0-da1,DEPLOYED,0.002,0.002,-0.002,NO
2026-03-26 04:19:50,221b3929-cb7,DEPLOYED,0.002,0.002,-0.002,NO
2026-03-26 04:20:52,b67244ca-27d,DEPLOYED,0.002,0.002,-0.002,NO
2026-03-26 04:21:57,68c818b4-21f,ROLLED BACK,,,,
2026-03-26 04:22:59,ac1be616-f98,DEPLOYED,0.002,0.002,-0.002,NO
2026-03-26 04:24:01,d7cbf820-dfe,DEPLOYED,0.002,0.002,-0.002,NO
2026-03-26 04:25:03,529db334-5c7,DEPLOYED,0.002,0.002,-0.002,NO
2026-03-26 04:26:06,89ce22d6-d05,DEPLOYED,0.002,0.002,-0.002,NO
2026-03-26 04:27:07,dffd1b34-3c8,DEPLOYED,0.002,0.002,-0.002,NO
2026-03-26 04:28:12,381970f8-0e5,ROLLED BACK,,,,
2026-03-26 04:29:15,f17d913d-886,DEPLOYED,0.002,0.002,-0.002,NO
2026-03-26 04:30:17,29d3b1f9-b42,ROLLED BACK,,,,
2026-03-26 04:31:19,a4bd3b5e-0e1,DEPLOYED,0.002,0.002,-0.002,NO
2026-03-26 04:32:22,e1b6657e-ce4,DEPLOYED,0.002,0.002,-0.002,NO
2026-03-26 04:33:24,d5e972af-e07,ROLLED BACK,,,,
2026-03-26 04:34:29,5b64caad-d31,DEPLOYED,0.002,0.002,-0.002,NO
2026-03-26 04:35:30,35fd4175-d29,DEPLOYED,0.002,0.002,-0.002,NO
2026-03-26 04:36:33,6a92f18a-6d2,DEPLOYED,0.002,0.002,-0.002,NO
2026-03-26 04:37:36,c2a7da4a-01e,DEPLOYED,0.002,0.002,-0.002,NO
2026-03-26 04:38:38,85442f75-da0,DEPLOYED,0.002,0.002,-0.002,NO
2026-03-26 04:39:40,920d4080-7c4,DEPLOYED,0.002,0.002,-0.002,NO
2026-03-26 04:40:44,71f80eba-6b2,ROLLED BACK,,,,
2026-03-26 04:41:47,1299023a-dc1,ROLLED BACK,,,,
2026-03-26 04:42:50,370f7c5b-fe0,DEPLOYED,0.002,0.002,-0.002,NO
2026-03-26 04:43:51,bba57d7a-fb0,DEPLOYED,0.002,0.002,-0.002,NO
2026-03-26 04:44:54,a43f39e9-efe,DEPLOYED,0.002,0.002,-0.002,NO
2026-03-26 04:45:56,3826c881-964,DEPLOYED,0.002,0.002,-0.002,NO
2026-03-26 04:47:01,ecb7be3c-98f,ROLLED BACK,,,,
2026-03-26 04:48:02,a68fb325-a1f,DEPLOYED,0.002,0.002,-0.002,NO
2026-03-26 04:49:05,77447041-215,DEPLOYED,0.002,0.002,-0.002,NO
2026-03-26 04:50:08,2649139c-386,DEPLOYED,0.002,0.002,-0.002,NO
2026-03-26 04:51:10,b6224fb9-d7f,DEPLOYED,0.002,0.002,-0.002,NO
2026-03-26 04:52:11,43628357-01f,DEPLOYED,0.002,0.002,-0.002,NO
2026-03-26 04:53:16,644abdcb-519,ROLLED BACK,,,,
2026-03-26 04:54:19,da23c69d-327,ROLLED BACK,,,,
2026-03-26 04:55:21,b532a527-62e,ROLLED BACK,,,,
2026-03-26 04:56:23,c5fef42a-d2d,DEPLOYED,0.002,0.002,-0.002,NO
2026-03-26 04:57:26,58e10ddd-88f,DEPLOYED,0.002,0.002,-0.002,NO
2026-03-26 04:58:28,fd3ae246-c7d,DEPLOYED,0.002,0.002,-0.002,NO
2026-03-26 04:59:33,89e73a97-2d4,ROLLED BACK,,,,
2026-03-26 05:00:34,bf68450b-0d3,DEPLOYED,0.002,0.002,-0.002,NO
2026-03-26 05:01:37,8d46203f-b35,ROLLED BACK,,,,
2026-03-26 05:02:39,e55d3798-4dd,ROLLED BACK,,,,
2026-03-26 05:03:42,382392ed-a44,DEPLOYED,0.127,0.002,-0.002,YES
2026-03-26 05:04:44,3c0cdeef-a6a,ROLLED BACK,,,,
2026-03-26 05:05:49,57111c89-9cf,DEPLOYED,0.002,0.002,-0.002,NO
2026-03-26 05:06:52,64a59145-51b,DEPLOYED,0.002,0.002,-0.002,NO
2026-03-26 05:07:53,3af394a8-1a0,DEPLOYED,0.002,0.002,-0.002,NO
2026-03-26 05:08:56,8bc82106-310,DEPLOYED,0.002,0.002,-0.002,NO
2026-03-26 05:09:58,41b4e401-916,DEPLOYED,0.002,0.002,-0.002,NO
2026-03-26 05:11:01,9fe392da-361,DEPLOYED,0.002,0.002,-0.002,NO
2026-03-26 05:12:05,17599041-657,ROLLED BACK,,,,
2026-03-26 05:13:08,35a3e5ba-171,ROLLED BACK,,,,
2026-03-26 05:14:10,7014dc19-9ce,ROLLED BACK,,,,
2026-03-26 05:15:12,968906e5-6f8,ROLLED BACK,,,,
2026-03-26 05:16:15,b3d2a3f6-071,ROLLED BACK,,,,
2026-03-26 05:17:18,9ce0d76b-6be,DEPLOYED,0.252,0.127,-0.127,YES
2026-03-26 05:18:22,06826556-6e7,ROLLED BACK,,,,
2026-03-26 05:19:25,6e402c51-5e4,DEPLOYED,0.127,0.002,-0.002,YES
2026-03-26 05:20:27,9cf4e6fe-663,ROLLED BACK,,,,
2026-03-26 05:21:30,65748613-f5e,DEPLOYED,0.002,0.002,-0.002,NO
2026-03-26 05:22:32,d700e6c1-082,DEPLOYED,0.002,0.002,-0.002,NO
2026-03-26 05:23:34,04ab7fe7-8af,DEPLOYED,0.002,0.002,-0.002,NO
2026-03-26 05:24:39,d12b4e9d-2bf,ROLLED BACK,,,,
2026-03-26 05:25:40,7286ec5b-022,DEPLOYED,0.002,0.002,-0.002,NO
2026-03-26 05:26:43,2eba7fcd-60a,DEPLOYED,0.002,0.002,-0.002,NO
2026-03-26 05:27:46,5d72e530-148,DEPLOYED,0.002,0.002,-0.002,NO
2026-03-26 05:28:47,fe8d62c7-074,DEPLOYED,0.002,0.002,-0.002,NO
2026-03-26 05:29:50,c72ef132-c31,DEPLOYED,0.002,0.002,-0.002,NO
2026-03-26 05:30:55,922988c2-12f,ROLLED BACK,,,,
2026-03-26 05:31:56,473f6a2b-577,DEPLOYED,0.002,0.002,-0.002,NO
2026-03-26 05:32:59,e5ddba04-20a,DEPLOYED,0.002,0.002,-0.002,NO
2026-03-26 05:34:01,e769a082-c83,DEPLOYED,0.002,0.002,-0.002,NO
2026-03-26 05:35:03,ddd2231a-5e1,DEPLOYED,0.002,0.002,-0.002,NO
2026-03-26 05:36:06,ce3fa958-a59,DEPLOYED,0.002,0.002,-0.002,NO
2026-03-26 05:37:10,eb32ac25-92e,DEPLOYED,0.002,0.002,-0.002,NO
2026-03-26 05:38:12,a5692ead-833,DEPLOYED,0.002,0.002,-0.002,NO
2026-03-26 05:39:15,6af35fc1-e04,DEPLOYED,0.002,0.002,-0.002,NO
2026-03-26 05:40:17,28ddf774-a00,DEPLOYED,0.002,0.002,-0.002,NO
2026-03-26 05:41:18,0cf54e38-3c2,DEPLOYED,0.002,0.002,-0.002,NO
2026-03-26 05:42:21,4bb3b0c7-3d0,DEPLOYED,0.002,0.002,-0.002,NO
2026-03-26 05:43:26,98a177e8-6db,ROLLED BACK,,,,
2026-03-26 05:44:27,af473138-f7c,DEPLOYED,0.002,0.002,-0.002,NO
2026-03-26 05:45:30,5b05bbbb-4cd,DEPLOYED,0.002,0.002,-0.002,NO
2026-03-26 05:46:32,73c210d2-cf4,ROLLED BACK,,,,
2026-03-26 05:47:35,32718f1f-19d,DEPLOYED,0.127,0.002,-0.002,YES
2026-03-26 05:48:37,ee66cb7b-d80,ROLLED BACK,,,,
2026-03-26 05:49:42,fbc9b53b-766,DEPLOYED,0.127,0.002,-0.002,YES
2026-03-26 05:50:44,74387776-82b,DEPLOYED,0.002,0.002,-0.002,NO
2026-03-26 05:51:47,48f57c8b-3c1,ROLLED BACK,,,,
2026-03-26 05:52:49,67aa0937-ff8,DEPLOYED,0.002,0.002,-0.002,NO
2026-03-26 05:53:52,a669b573-c51,ROLLED BACK,,,,
2026-03-26 05:54:55,886b6550-ee0,DEPLOYED,0.002,0.002,-0.002,NO
2026-03-26 05:55:59,761d21c4-20b,ROLLED BACK,,,,
2026-03-26 05:57:02,8726feb5-977,DEPLOYED,0.002,0.002,-0.002,NO
2026-03-26 05:58:04,4572015a-63d,DEPLOYED,0.002,0.002,-0.002,NO
2026-03-26 05:59:07,d47021ba-c2c,DEPLOYED,0.002,0.002,-0.002,NO
2026-03-26 06:00:10,aadea8d0-8fa,DEPLOYED,0.002,0.002,-0.002,NO
2026-03-26 06:01:12,7c20149b-660,DEPLOYED,0.002,0.002,-0.002,NO
2026-03-26 06:02:17,01319a2a-528,ROLLED BACK,,,,
2026-03-26 06:03:19,a9276578-174,DEPLOYED,0.002,0.002,-0.002,NO
2026-03-26 06:04:22,2101d32b-2f8,DEPLOYED,0.002,0.002,-0.002,NO
2026-03-26 06:05:25,dcc8467c-6f7,DEPLOYED,0.002,0.002,-0.002,NO
2026-03-26 06:06:27,90edc0fc-d92,DEPLOYED,0.002,0.002,-0.002,NO
2026-03-26 06:07:30,865ca864-b30,DEPLOYED,0.002,0.002,-0.002,NO
2026-03-26 06:08:35,f4a47108-4c5,ROLLED BACK,,,,
2026-03-26 06:09:37,de1d8639-937,DEPLOYED,0.002,0.002,-0.002,NO
2026-03-26 06:10:40,ea7b32a1-d12,DEPLOYED,0.002,0.002,-0.002,NO
2026-03-26 06:11:42,3509677a-b07,DEPLOYED,0.002,0.002,-0.002,NO
2026-03-26 06:12:45,bd2ef17f-13f,DEPLOYED,0.002,0.002,-0.002,NO
2026-03-26 06:13:48,f0a00e03-0cb,DEPLOYED,0.002,0.002,-0.002,NO
2026-03-26 06:14:52,d6137a61-7d2,ROLLED BACK,,,,
2026-03-26 06:15:55,3d083e79-014,DEPLOYED,0.002,0.002,-0.002,NO
2026-03-26 06:16:57,5fe9e3d8-79d,ROLLED BACK,,,,
2026-03-26 06:18:00,48ea90f6-bfc,ROLLED BACK,,,,
2026-03-26 06:19:03,36e789d2-af2,DEPLOYED,0.002,0.002,-0.002,NO
2026-03-26 06:20:05,026d0261-761,DEPLOYED,0.002,0.002,-0.002,NO
2026-03-26 06:21:10,e37e03d1-798,ROLLED BACK,,,,
2026-03-26 06:22:12,c0449069-83a,DEPLOYED,0.002,0.002,-0.002,NO
2026-03-26 06:23:15,8f54d735-faf,DEPLOYED,0.002,0.002,-0.002,NO
2026-03-26 06:24:18,4e020c3c-b27,DEPLOYED,0.002,0.002,-0.002,NO
2026-03-26 06:25:20,a82def59-7e7,DEPLOYED,0.002,0.002,-0.002,NO
2026-03-26 06:26:23,1f346168-de8,DEPLOYED,0.002,0.002,-0.002,NO
2026-03-26 06:27:27,e8c7f9a5-c88,DEPLOYED,0.002,0.002,-0.002,NO
2026-03-26 06:28:30,487f37c8-abe,ROLLED BACK,,,,
2026-03-26 06:29:33,55ea5863-a9c,ROLLED BACK,,,,
2026-03-26 06:30:35,1119ae8d-90f,DEPLOYED,0.002,0.002,-0.002,NO
2026-03-26 06:31:38,615c5c31-ca1,DEPLOYED,0.002,0.002,-0.002,NO
2026-03-26 06:32:40,f36d5509-98f,DEPLOYED,0.002,0.002,-0.002,NO
2026-03-26 06:33:45,610798af-3f5,ROLLED BACK,,,,
2026-03-26 06:34:48,2fea1cf2-f28,DEPLOYED,0.002,0.002,-0.002,NO
2026-03-26 06:35:50,39500c70-b69,DEPLOYED,0.002,0.002,-0.002,NO
2026-03-26 06:36:53,3feae260-2da,DEPLOYED,0.002,0.002,-0.002,NO
2026-03-26 06:37:55,802f832d-579,DEPLOYED,0.002,0.002,-0.002,NO
2026-03-26 06:38:58,33d488cc-982,DEPLOYED,0.002,0.002,-0.002,NO
2026-03-26 06:40:03,59135342-6c5,DEPLOYED,0.002,0.002,-0.002,NO
2026-03-26 06:41:05,41234d78-85f,DEPLOYED,0.002,0.002,-0.002,NO
2026-03-26 06:42:08,76ace416-965,DEPLOYED,0.002,0.002,-0.002,NO
2026-03-26 06:43:10,488544a3-5f5,DEPLOYED,0.002,0.002,-0.002,NO
2026-03-26 06:44:13,9803a070-701,DEPLOYED,0.002,0.002,-0.002,NO
2026-03-26 06:45:16,7a35ad78-48b,DEPLOYED,0.002,0.002,-0.002,NO
2026-03-26 06:46:20,ad8900fb-8d3,ROLLED BACK,,,,
2026-03-26 06:47:23,52a6d4b4-1dc,ROLLED BACK,,,,
2026-03-26 06:48:25,5c18838c-e6c,DEPLOYED,0.002,0.002,-0.002,NO
2026-03-26 06:49:28,6dd67696-09f,DEPLOYED,0.002,0.002,-0.002,NO
2026-03-26 06:50:31,925c1a83-846,DEPLOYED,0.002,0.002,-0.002,NO
2026-03-26 06:51:33,6f72b9bd-f09,ROLLED BACK,,,,
2026-03-26 06:52:38,9d6019fc-f3b,DEPLOYED,0.002,0.002,-0.002,NO
2026-03-26 06:53:40,1cf18e56-652,DEPLOYED,0.002,0.002,-0.002,NO
2026-03-26 06:54:43,eb3c8955-afd,ROLLED BACK,,,,
2026-03-26 06:55:46,b69bcff9-ee1,DEPLOYED,0.002,0.002,-0.002,NO
2026-03-26 06:56:48,2c588285-4fb,DEPLOYED,0.002,0.002,-0.002,NO
2026-03-26 06:57:51,5b74951b-e7c,DEPLOYED,0.002,0.002,-0.002,NO
2026-03-26 06:58:56,05d3c458-e02,ROLLED BACK,,,,
2026-03-26 06:59:58,267f83d2-658,DEPLOYED,0.002,0.002,-0.002,NO
2026-03-26 07:01:01,fce81220-836,ROLLED BACK,,,,
2026-03-26 07:02:03,94d7c0d4-e73,ROLLED BACK,,,,
2026-03-26 07:03:06,ce17c2e8-078,DEPLOYED,0.252,0.127,-0.127,YES
2026-03-26 07:04:09,63b57dc9-76b,DEPLOYED,0.127,0.002,-0.002,YES
2026-03-26 07:05:13,3f4bd623-c28,DEPLOYED,0.002,0.002,-0.002,NO
2026-03-26 07:06:16,6b1dbd89-c72,DEPLOYED,0.002,0.002,-0.002,NO
2026-03-26 07:07:18,2064f7ed-c73,DEPLOYED,0.002,0.002,-0.002,NO
2026-03-26 07:08:20,c31a89d7-775,DEPLOYED,0.002,0.002,-0.002,NO
2026-03-26 07:09:23,0e585d0a-3a7,DEPLOYED,0.002,0.002,-0.002,NO
2026-03-26 07:10:25,e71a269e-0d1,DEPLOYED,0.002,0.002,-0.002,NO
2026-03-26 07:11:30,00d96cf4-ba6,ROLLED BACK,,,,
2026-03-26 07:12:31,50c3e42a-9b7,DEPLOYED,0.002,0.002,-0.002,NO
2026-03-26 07:13:34,c9dbc98c-f6a,DEPLOYED,0.002,0.002,-0.002,NO
2026-03-26 07:14:37,f2501783-566,ROLLED BACK,,,,
2026-03-26 07:15:39,da84252f-a53,ROLLED BACK,,,,
2026-03-26 07:16:41,ce1cc85b-abe,DEPLOYED,0.002,0.002,-0.002,NO
2026-03-26 07:17:46,3c73081b-978,DEPLOYED,0.002,0.002,-0.002,NO
2026-03-26 07:18:48,96232db2-9ea,ROLLED BACK,,,,
2026-03-26 07:19:51,5e481780-1b5,DEPLOYED,0.002,0.002,-0.002,NO
2026-03-26 07:20:52,3526caf2-d09,DEPLOYED,0.002,0.002,-0.002,NO
2026-03-26 07:21:55,5e81c3c5-92f,DEPLOYED,0.002,0.002,-0.002,NO
2026-03-26 07:22:58,dfc9db80-bf8,DEPLOYED,0.002,0.002,-0.002,NO
2026-03-26 07:24:02,7445341c-e4f,ROLLED BACK,,,,
2026-03-26 07:25:04,58ae8af8-d9d,DEPLOYED,0.002,0.002,-0.002,NO
2026-03-26 07:26:06,4945da07-030,DEPLOYED,0.002,0.002,-0.002,NO
2026-03-26 07:27:09,e651d76c-884,DEPLOYED,0.002,0.002,-0.002,NO
2026-03-26 07:28:12,1c9a99d1-7b2,DEPLOYED,0.002,0.002,-0.002,NO
2026-03-26 07:29:13,cd08ccc6-6bf,DEPLOYED,0.002,0.002,-0.002,NO
2026-03-26 07:30:18,04b58c86-945,ROLLED BACK,,,,
2026-03-26 07:31:21,5170f9e9-962,DEPLOYED,0.002,0.002,-0.002,NO
2026-03-26 07:32:23,7291d433-db1,DEPLOYED,0.002,0.002,-0.002,NO
2026-03-26 07:33:25,12d82c3d-b3c,DEPLOYED,0.002,0.002,-0.002,NO
2026-03-26 07:34:27,3362f9d4-667,DEPLOYED,0.002,0.002,-0.002,NO
2026-03-26 07:35:30,3f687bc7-be4,DEPLOYED,0.002,0.002,-0.002,NO
2026-03-26 07:36:35,17f5c42b-3bd,DEPLOYED,0.002,0.002,-0.002,NO
2026-03-26 07:37:36,304e90f5-10c,DEPLOYED,0.002,0.002,-0.002,NO
2026-03-26 07:38:39,32f5663a-b84,DEPLOYED,0.002,0.002,-0.002,NO
2026-03-26 07:39:41,d915de18-3fd,ROLLED BACK,,,,
2026-03-26 07:40:44,67cb11d1-a56,DEPLOYED,0.127,0.127,-0.127,NO
2026-03-26 07:41:46,04a8cf2d-462,ROLLED BACK,,,,
2026-03-26 07:42:51,8e06bc83-7dc,DEPLOYED,0.127,0.002,-0.002,YES
2026-03-26 07:43:54,d5c30976-ef9,DEPLOYED,0.002,0.002,-0.002,NO
2026-03-26 07:44:56,a157cf09-93d,DEPLOYED,0.002,0.002,-0.002,NO
2026-03-26 07:45:59,f9371b8a-101,DEPLOYED,0.002,0.002,-0.002,NO
2026-03-26 07:47:00,d436ca77-165,DEPLOYED,0.002,0.002,-0.002,NO
2026-03-26 07:48:03,dce90bda-de1,DEPLOYED,0.002,0.002,-0.002,NO
2026-03-26 07:49:08,ab553654-675,DEPLOYED,0.002,0.002,-0.002,NO
2026-03-26 07:50:10,e527b648-aab,DEPLOYED,0.002,0.002,-0.002,NO
2026-03-26 07:51:12,66ebc69f-a02,DEPLOYED,0.002,0.002,-0.002,NO
2026-03-26 07:52:14,9e44aa28-e07,DEPLOYED,0.002,0.002,-0.002,NO
2026-03-26 07:53:17,2b2eda6e-0d6,DEPLOYED,0.002,0.002,-0.002,NO
2026-03-26 07:54:20,645f5735-70f,ROLLED BACK,,,,
2026-03-26 07:55:24,70bbd061-486,DEPLOYED,0.127,0.002,-0.002,YES
2026-03-26 07:56:26,8cb21f6c-c37,ROLLED BACK,,,,
2026-03-26 07:57:28,4e2d475c-c02,DEPLOYED,0.127,0.002,-0.002,YES
2026-03-26 07:58:31,067d73e8-537,DEPLOYED,0.002,0.002,-0.002,NO
2026-03-26 07:59:33,624411df-f89,DEPLOYED,0.002,0.002,-0.002,NO
2026-03-26 08:00:36,14a798ff-30c,DEPLOYED,0.002,0.002,-0.002,NO
2026-03-26 08:01:40,7f320b56-53b,ROLLED BACK,,,,
2026-03-26 08:02:43,651e20f0-9b5,DEPLOYED,0.002,0.002,-0.002,NO
2026-03-26 08:03:46,2b457203-5af,ROLLED BACK,,,,
2026-03-26 08:04:48,12fffabf-867,DEPLOYED,0.002,0.002,-0.002,NO
2026-03-26 08:05:51,4a986f48-035,DEPLOYED,0.002,0.002,-0.002,NO
2026-03-26 08:06:53,9c003d35-ea3,DEPLOYED,0.002,0.002,-0.002,NO
2026-03-26 08:07:58,19703610-b37,ROLLED BACK,,,,
2026-03-26 08:09:01,7e131094-612,ROLLED BACK,,,,
2026-03-26 08:10:03,08ebf7ea-ad6,DEPLOYED,0.002,0.002,-0.002,NO
2026-03-26 08:11:06,ebd0d206-2bf,DEPLOYED,0.002,0.002,-0.002,NO
2026-03-26 08:12:08,c0273413-33a,ROLLED BACK,,,,
2026-03-26 08:13:11,c4ae3a5d-fcf,DEPLOYED,0.002,0.002,-0.002,NO
2026-03-26 08:14:16,21e2d758-92c,ROLLED BACK,,,,
2026-03-26 08:15:18,f0a9b2c5-211,DEPLOYED,0.002,0.002,-0.002,NO
2026-03-26 08:16:21,ef300300-4de,DEPLOYED,0.002,0.002,-0.002,NO
2026-03-26 08:17:23,0fcc0fd6-7ac,DEPLOYED,0.002,0.002,-0.002,NO
2026-03-26 08:18:26,074bd54a-bb3,DEPLOYED,0.002,0.002,-0.002,NO
2026-03-26 08:19:29,2749e9f6-cf3,DEPLOYED,0.002,0.002,-0.002,NO
2026-03-26 08:20:33,edaf423b-81a,ROLLED BACK,,,,
2026-03-26 08:21:36,f98e9c8f-060,DEPLOYED,0.002,0.002,-0.002,NO
2026-03-26 08:22:38,e2417a15-1a9,DEPLOYED,0.002,0.002,-0.002,NO
2026-03-26 08:23:41,63add84a-e18,DEPLOYED,0.002,0.002,-0.002,NO
2026-03-26 08:24:44,fe1f64b1-b04,DEPLOYED,0.002,0.002,-0.002,NO
2026-03-26 08:25:46,b23e18ad-3ee,DEPLOYED,0.002,0.002,-0.002,NO
2026-03-26 08:26:51,60c198a4-f84,DEPLOYED,0.002,0.002,-0.002,NO
2026-03-26 08:27:54,8e1022b8-fc7,DEPLOYED,0.002,0.002,-0.002,NO
2026-03-26 08:28:56,4dacc82f-47a,DEPLOYED,0.002,0.002,-0.002,NO
2026-03-26 08:29:58,12dc7af3-ee4,ROLLED BACK,,,,
2026-03-26 08:31:01,34484f3f-8ca,DEPLOYED,0.002,0.002,-0.002,NO
2026-03-26 08:32:03,8456032b-994,DEPLOYED,0.002,0.002,-0.002,NO
2026-03-26 08:33:08,aff99a28-8e9,ROLLED BACK,,,,
2026-03-26 08:34:11,2d744ce3-372,DEPLOYED,0.002,0.002,-0.002,NO
2026-03-26 08:35:13,acb26e50-d22,DEPLOYED,0.002,0.002,-0.002,NO
2026-03-26 08:36:15,ca621270-8a1,DEPLOYED,0.002,0.002,-0.002,NO
2026-03-26 08:37:18,c22ff746-97b,DEPLOYED,0.002,0.002,-0.002,NO
2026-03-26 08:38:20,0c38d54b-507,DEPLOYED,0.002,0.002,-0.002,NO
2026-03-26 08:39:25,814b14d0-70d,DEPLOYED,0.002,0.002,-0.002,NO
2026-03-26 08:40:28,5a372b9c-c85,DEPLOYED,0.002,0.002,-0.002,NO
2026-03-26 08:41:30,41d0004d-ec4,DEPLOYED,0.002,0.002,-0.002,NO
2026-03-26 08:42:33,3a486e61-fc3,DEPLOYED,0.002,0.002,-0.002,NO
2026-03-26 08:43:36,43b6ddd5-ff2,DEPLOYED,0.002,0.002,-0.002,NO
2026-03-26 08:44:38,14ce1976-c4c,DEPLOYED,0.002,0.002,-0.002,NO
2026-03-26 08:45:43,caceb56a-31c,ROLLED BACK,,,,
2026-03-26 08:46:46,1edd5104-871,DEPLOYED,0.002,0.002,-0.002,NO
2026-03-26 08:47:48,9cbc898a-b6c,DEPLOYED,0.002,0.002,-0.002,NO
2026-03-26 08:48:51,d0108e39-10b,DEPLOYED,0.002,0.002,-0.002,NO
2026-03-26 08:49:53,c205ee25-5ea,ROLLED BACK,,,,
2026-03-26 08:50:56,46a83f12-920,ROLLED BACK,,,,
2026-03-26 08:52:01,36d7d846-9b8,DEPLOYED,0.002,0.002,-0.002,NO
2026-03-26 08:53:03,a9c8d613-714,DEPLOYED,0.002,0.002,-0.002,NO
2026-03-26 08:54:06,c4021cb0-5a4,ROLLED BACK,,,,
2026-03-26 08:55:08,67822782-60e,ROLLED BACK,,,,
2026-03-26 08:56:10,c59f5e60-dbc,DEPLOYED,0.002,0.002,-0.002,NO
2026-03-26 08:57:13,71ae8ace-ee3,ROLLED BACK,,,,
2026-03-26 08:58:18,0c40ce36-45c,ROLLED BACK,,,,
2026-03-26 08:59:20,da2399e2-df7,DEPLOYED,0.252,0.127,-0.127,YES
2026-03-26 08:59:21,0e196130-d2e,ROLLED BACK,,,,
2026-03-26 08:59:30,cd7438d6-982,ROLLED BACK,,,,
2026-03-26 08:59:40,a6409cd6-948,ROLLED BACK,,,,
2026-03-26 09:00:50,51a84cfc-5fe,DEPLOYED,0.127,0.002,-0.002,YES
2026-03-26 09:01:55,7ffaf714-bcd,DEPLOYED,0.002,0.002,-0.002,NO
2026-03-26 09:02:57,a3e2fec1-607,ROLLED BACK,,,,
2026-03-26 09:04:00,3d441241-366,DEPLOYED,0.002,0.002,-0.002,NO
2026-03-26 09:05:02,f13068db-563,DEPLOYED,0.002,0.002,-0.002,NO
2026-03-26 09:06:05,d375ec36-e16,DEPLOYED,0.002,0.002,-0.002,NO
2026-03-26 09:07:07,ba1ac867-63c,DEPLOYED,0.002,0.002,-0.002,NO
2026-03-26 09:08:11,8c1deb8b-ba8,ROLLED BACK,,,,
2026-03-26 09:09:14,796c897f-af5,DEPLOYED,0.002,0.002,-0.002,NO
2026-03-26 09:10:17,c69c0e6c-e71,DEPLOYED,0.002,0.002,-0.002,NO
2026-03-26 09:11:19,1902389b-f04,DEPLOYED,0.002,0.002,-0.002,NO
2026-03-26 09:12:22,d44e5bdc-ad6,DEPLOYED,0.002,0.002,-0.002,NO
2026-03-26 09:13:25,ab4d484b-ba4,DEPLOYED,0.002,0.002,-0.002,NO
2026-03-26 09:14:29,c2483d39-40e,DEPLOYED,0.002,0.002,-0.002,NO
2026-03-26 09:15:32,2b53907e-fd1,DEPLOYED,0.002,0.002,-0.002,NO
2026-03-26 09:16:34,4df3ec02-a72,DEPLOYED,0.002,0.002,-0.002,NO
2026-03-26 09:17:37,722ebca3-5b8,ROLLED BACK,,,,
2026-03-26 09:18:39,fbe3b12e-c8c,DEPLOYED,0.002,0.002,-0.002,NO
2026-03-26 09:19:41,78b98a12-ae0,DEPLOYED,0.002,0.002,-0.002,NO
2026-03-26 09:20:45,184c2b10-60b,ROLLED BACK,,,,
2026-03-26 09:21:48,4d04c26f-c43,DEPLOYED,0.002,0.002,-0.002,NO
2026-03-26 09:22:51,53bc579e-32e,DEPLOYED,0.002,0.002,-0.002,NO
2026-03-26 09:23:53,f1d617b5-819,DEPLOYED,0.002,0.002,-0.002,NO
2026-03-26 09:24:55,04136cf4-607,DEPLOYED,0.002,0.002,-0.002,NO
2026-03-26 09:25:57,ed8d387e-d03,DEPLOYED,0.002,0.002,-0.002,NO
2026-03-26 09:27:02,6a7ea9fa-03f,DEPLOYED,0.002,0.002,-0.002,NO
2026-03-26 09:28:05,cc24cb66-77f,DEPLOYED,0.002,0.002,-0.002,NO
2026-03-26 09:29:07,3f4aa3ff-b77,DEPLOYED,0.002,0.002,-0.002,NO
2026-03-26 09:30:09,dd0e6889-0ef,DEPLOYED,0.002,0.002,-0.002,NO
2026-03-26 09:31:11,a90d3b18-495,DEPLOYED,0.002,0.002,-0.002,NO
2026-03-26 09:32:14,693192cb-45c,DEPLOYED,0.002,0.002,-0.002,NO
2026-03-26 09:33:19,f6e2ba36-594,ROLLED BACK,,,,
2026-03-26 09:34:21,a2e07241-326,DEPLOYED,0.002,0.002,-0.002,NO
2026-03-26 09:35:23,0e078162-a7c,DEPLOYED,0.002,0.002,-0.002,NO
2026-03-26 09:36:26,42a4bb2a-723,DEPLOYED,0.002,0.002,-0.002,NO
2026-03-26 09:37:28,e604e3dd-1ee,DEPLOYED,0.002,0.002,-0.002,NO
2026-03-26 09:38:31,6fd5d73a-888,DEPLOYED,0.002,0.002,-0.002,NO
2026-03-26 09:39:35,4bbd7f31-24f,ROLLED BACK,,,,
2026-03-26 09:40:37,16d4cb6b-37d,DEPLOYED,0.002,0.002,-0.002,NO
2026-03-26 09:41:40,f1763bd8-2c4,DEPLOYED,0.002,0.002,-0.002,NO
2026-03-26 09:42:42,75e53fda-9a3,DEPLOYED,0.002,0.002,-0.002,NO
2026-03-26 09:43:45,9445f4a3-705,DEPLOYED,0.002,0.002,-0.002,NO
2026-03-26 09:44:47,42de643b-1a8,ROLLED BACK,,,,
2026-03-26 09:45:52,b8a18319-7d4,ROLLED BACK,,,,
2026-03-26 09:46:54,8ae9294a-cc7,DEPLOYED,0.002,0.002,-0.002,NO
2026-03-26 09:47:57,04314879-a95,ROLLED BACK,,,,
2026-03-26 09:48:59,428446c5-aea,DEPLOYED,0.002,0.002,-0.002,NO
2026-03-26 09:50:02,7512eccb-dae,DEPLOYED,0.002,0.002,-0.002,NO
2026-03-26 09:51:03,1183dba6-ac3,DEPLOYED,0.002,0.002,-0.002,NO
2026-03-26 09:52:08,e6d053e3-8f9,ROLLED BACK,,,,
2026-03-26 09:53:11,836dc28d-d10,DEPLOYED,0.002,0.002,-0.002,NO
2026-03-26 09:54:13,4e8f08e7-fc3,ROLLED BACK,,,,
2026-03-26 09:55:16,f9053b79-a30,ROLLED BACK,,,,
2026-03-26 09:56:17,78f7ea90-8ca,DEPLOYED,0.002,0.002,-0.002,NO
2026-03-26 09:57:20,28ec992e-d22,DEPLOYED,0.002,0.002,-0.002,NO
2026-03-26 09:58:25,6c8871c8-180,DEPLOYED,0.002,0.002,-0.002,NO
2026-03-26 09:59:27,aa3bcf59-5b0,DEPLOYED,0.002,0.002,-0.002,NO
2026-03-26 10:00:30,f2a27631-e3a,ROLLED BACK,,,,
2026-03-26 10:01:31,e257a208-f1c,DEPLOYED,0.002,0.002,-0.002,NO
2026-03-26 10:02:34,0312f61c-26e,DEPLOYED,0.002,0.002,-0.002,NO
2026-03-26 10:03:37,2e88270a-2e6,DEPLOYED,0.002,0.002,-0.002,NO
2026-03-26 10:04:41,e7de81f8-31b,ROLLED BACK,,,,
2026-03-26 10:05:44,70519167-c72,ROLLED BACK,,,,
2026-03-26 10:06:45,a0b7782b-1d9,DEPLOYED,0.127,0.127,-0.127,NO
2026-03-26 10:07:48,f4155815-c04,DEPLOYED,0.127,0.002,-0.002,YES
2026-03-26 10:08:50,a262a50b-468,DEPLOYED,0.002,0.002,-0.002,NO
2026-03-26 10:09:52,909eaefd-3e7,DEPLOYED,0.002,0.002,-0.002,NO
2026-03-26 10:10:57,8a0afaac-b0f,ROLLED BACK,,,,
2026-03-26 10:12:00,7784c433-e3a,DEPLOYED,0.002,0.002,-0.002,NO
2026-03-26 10:13:02,59f25062-96a,DEPLOYED,0.002,0.002,-0.002,NO
2026-03-26 10:14:04,0f5cc0e5-513,DEPLOYED,0.002,0.002,-0.002,NO
2026-03-26 10:15:06,737ef5bc-f22,DEPLOYED,0.002,0.002,-0.002,NO
2026-03-26 10:16:09,04290f56-040,DEPLOYED,0.002,0.002,-0.002,NO
2026-03-26 10:17:14,78abc7a1-629,ROLLED BACK,,,,
2026-03-26 10:18:16,50885358-cd1,ROLLED BACK,,,,
2026-03-26 10:19:18,fe7dfeaf-bc6,DEPLOYED,0.002,0.002,-0.002,NO
2026-03-26 10:20:20,cc5966cc-4d6,DEPLOYED,0.002,0.002,-0.002,NO
2026-03-26 10:21:23,dd86fe93-d21,ROLLED BACK,,,,
2026-03-26 10:22:26,570653ce-39b,DEPLOYED,0.127,0.127,-0.127,NO
2026-03-26 10:23:29,b7065bb6-ca4,ROLLED BACK,,,,
2026-03-26 10:24:32,e886e538-a1f,DEPLOYED,0.127,0.002,-0.002,YES
2026-03-26 10:25:34,0c4f9626-a2b,ROLLED BACK,,,,
2026-03-26 10:26:37,91de44ea-46c,ROLLED BACK,,,,
2026-03-26 10:27:39,f81cfbc8-6d5,ROLLED BACK,,,,
2026-03-26 10:28:42,b0d47b38-63f,ROLLED BACK,,,,
2026-03-26 10:29:45,d9a777d3-13b,DEPLOYED,0.127,0.002,-0.002,YES
2026-03-26 10:30:48,27cacc35-644,DEPLOYED,0.002,0.002,-0.002,NO
2026-03-26 10:31:49,67421591-987,DEPLOYED,0.002,0.002,-0.002,NO
2026-03-26 10:32:52,a6ac4f12-ca9,DEPLOYED,0.002,0.002,-0.002,NO
2026-03-26 10:33:55,3b55d2a2-576,DEPLOYED,0.002,0.002,-0.002,NO
2026-03-26 10:34:57,91ad6105-760,ROLLED BACK,,,,
2026-03-26 10:36:01,2000206c-c87,ROLLED BACK,,,,
2026-03-26 10:37:04,b195e569-11d,ROLLED BACK,,,,
2026-03-26 10:38:06,065d7261-3c8,ROLLED BACK,,,,
2026-03-26 10:39:09,77cc1bc1-760,DEPLOYED,0.127,0.002,-0.002,YES
2026-03-26 10:40:11,00e6565a-5e0,DEPLOYED,0.002,0.002,-0.002,NO
2026-03-26 10:41:14,18b262ba-10b,ROLLED BACK,,,,
2026-03-26 10:42:18,24ff9da5-e2a,DEPLOYED,0.002,0.002,-0.002,NO
2026-03-26 10:43:21,8a2929bc-0e2,DEPLOYED,0.002,0.002,-0.002,NO
2026-03-26 10:44:24,0405fda5-982,DEPLOYED,0.002,0.002,-0.002,NO
2026-03-26 10:45:26,23f0ebba-2e4,DEPLOYED,0.002,0.002,-0.002,NO
2026-03-26 10:46:29,09e8eb4c-97c,ROLLED BACK,,,,
2026-03-26 10:47:31,32de4d37-4b0,DEPLOYED,0.002,0.002,-0.002,NO
2026-03-26 10:48:36,e3e9a3ff-730,ROLLED BACK,,,,
2026-03-26 10:49:39,ad29c797-31c,DEPLOYED,0.002,0.002,-0.002,NO
2026-03-26 10:50:41,04a82a7d-4ca,DEPLOYED,0.002,0.002,-0.002,NO
2026-03-26 10:51:44,2919eb5a-95c,DEPLOYED,0.002,0.002,-0.002,NO
2026-03-26 10:52:47,f8cfd1a6-b1e,DEPLOYED,0.002,0.002,-0.002,NO
2026-03-26 10:53:49,9deb5521-437,DEPLOYED,0.002,0.002,-0.002,NO
2026-03-26 10:54:54,5b3d76fd-c10,DEPLOYED,0.002,0.002,-0.002,NO
2026-03-26 10:55:56,fc616912-154,ROLLED BACK,,,,
2026-03-26 10:56:59,a3bdaa4a-6af,ROLLED BACK,,,,
2026-03-26 10:58:02,72bebb93-988,ROLLED BACK,,,,
2026-03-26 10:59:04,913ff798-bd2,DEPLOYED,0.002,0.002,-0.002,NO
2026-03-26 11:00:07,c170ec6b-b9b,DEPLOYED,0.002,0.002,-0.002,NO
2026-03-26 11:01:11,7f824444-ae8,ROLLED BACK,,,,
2026-03-26 11:02:14,b580f08d-cb4,ROLLED BACK,,,,
2026-03-26 11:03:17,d4e2b35b-e61,DEPLOYED,0.127,0.127,-0.127,NO
2026-03-26 11:04:19,60bec037-710,ROLLED BACK,,,,
2026-03-26 11:05:22,70fcc5e1-e14,DEPLOYED,0.127,0.002,-0.002,YES
2026-03-26 11:06:24,4ed99fd3-580,DEPLOYED,0.002,0.002,-0.002,NO
2026-03-26 11:07:29,4ec416b0-f29,DEPLOYED,0.002,0.002,-0.002,NO
2026-03-26 11:08:32,871ac7f6-e85,DEPLOYED,0.002,0.002,-0.002,NO
2026-03-26 11:09:34,95822d90-98a,DEPLOYED,0.002,0.002,-0.002,NO
2026-03-26 11:10:37,c5bc8f71-19f,DEPLOYED,0.002,0.002,-0.002,NO
2026-03-26 11:11:39,80dcea73-73f,DEPLOYED,0.002,0.002,-0.002,NO
2026-03-26 11:12:42,f6ed5381-6e6,DEPLOYED,0.002,0.002,-0.002,NO
2026-03-26 11:13:47,8f83b735-d54,ROLLED BACK,,,,
2026-03-26 11:14:49,32be10ef-10f,DEPLOYED,0.002,0.002,-0.002,NO
2026-03-26 11:15:52,73a0fe47-24f,DEPLOYED,0.002,0.002,-0.002,NO
2026-03-26 11:16:54,cc4f2605-160,DEPLOYED,0.002,0.002,-0.002,NO
2026-03-26 11:17:57,29af1685-912,DEPLOYED,0.002,0.002,-0.002,NO
2026-03-26 11:19:00,1cf051e3-58f,DEPLOYED,0.002,0.002,-0.002,NO
2026-03-26 11:20:04,c7c00ea0-289,ROLLED BACK,,,,
2026-03-26 11:21:07,dd9b5a6c-278,DEPLOYED,0.002,0.002,-0.002,NO
2026-03-26 11:22:09,f396b548-e79,DEPLOYED,0.002,0.002,-0.002,NO
2026-03-26 11:23:12,ba409803-ca6,DEPLOYED,0.002,0.002,-0.002,NO
2026-03-26 11:24:15,276d1541-bc7,DEPLOYED,0.002,0.002,-0.002,NO
2026-03-26 11:25:17,3385a91b-4b7,DEPLOYED,0.002,0.002,-0.002,NO
2026-03-26 11:26:22,4869a443-26d,ROLLED BACK,,,,
2026-03-26 11:27:25,725b748f-b99,DEPLOYED,0.002,0.002,-0.002,NO
2026-03-26 11:28:27,5baf6e9c-3e3,ROLLED BACK,,,,
2026-03-26 11:29:30,54a3a6a9-f0b,DEPLOYED,0.002,0.002,-0.002,NO
2026-03-26 11:30:31,a9a16479-566,DEPLOYED,0.002,0.002,-0.002,NO
2026-03-26 11:31:34,d03b0436-b93,DEPLOYED,0.002,0.002,-0.002,NO
2026-03-26 11:32:38,6749a74d-deb,DEPLOYED,0.002,0.002,-0.002,NO
2026-03-26 11:33:41,65f70ead-409,DEPLOYED,0.002,0.002,-0.002,NO
2026-03-26 11:34:43,cfcc27b6-3ae,ROLLED BACK,,,,
2026-03-26 11:35:46,085fd431-d4f,DEPLOYED,0.002,0.002,-0.002,NO
2026-03-26 11:36:48,d9a6288c-d29,DEPLOYED,0.002,0.002,-0.002,NO
2026-03-26 11:37:51,f6484620-fec,DEPLOYED,0.002,0.002,-0.002,NO
2026-03-26 11:38:55,6c41dd1b-04e,ROLLED BACK,,,,
2026-03-26 11:39:58,f78d99b5-ac6,ROLLED BACK,,,,
2026-03-26 11:41:00,78044892-aa1,ROLLED BACK,,,,
2026-03-26 11:42:03,b0f752c7-cd3,ROLLED BACK,,,,
2026-03-26 11:43:06,ae844784-41b,DEPLOYED,0.127,0.002,-0.002,YES
2026-03-26 11:44:08,b58dfc0c-474,ROLLED BACK,,,,
2026-03-26 11:45:13,21ca558f-9ba,ROLLED BACK,,,,
2026-03-26 11:46:15,d1a3717c-2b7,ROLLED BACK,,,,
2026-03-26 11:47:17,71bd9688-bd0,ROLLED BACK,,,,
2026-03-26 11:48:19,01d0d9e1-4d7,DEPLOYED,0.252,0.127,-0.127,YES
2026-03-26 11:49:20,176e4359-098,DEPLOYED,0.127,0.002,-0.002,YES
2026-03-26 11:50:23,b9719b18-a33,DEPLOYED,0.127,0.127,-0.127,NO
2026-03-26 11:51:27,7eb44517-5b3,ROLLED BACK,,,,
2026-03-26 11:52:30,8a1aa62a-444,ROLLED BACK,,,,
2026-03-26 11:53:32,82805f22-047,DEPLOYED,0.127,0.127,-0.127,NO
2026-03-26 11:54:35,a89957b3-b3a,DEPLOYED,0.002,0.002,-0.002,NO
2026-03-26 11:55:38,46b342c7-c27,DEPLOYED,0.002,0.002,-0.002,NO
2026-03-26 11:56:40,68a5b356-e91,ROLLED BACK,,,,
2026-03-26 11:57:45,fc8e7a9e-28c,ROLLED BACK,,,,
2026-03-26 11:58:48,403f1d47-2e2,ROLLED BACK,,,,
2026-03-26 11:59:49,deba9003-675,DEPLOYED,0.127,0.127,-0.127,NO
2026-03-26 12:00:52,9c67cf39-615,DEPLOYED,0.127,0.127,-0.127,NO
2026-03-26 12:01:54,b1573333-42b,DEPLOYED,0.127,0.002,-0.002,YES
